user,tweet
Bihar Youth Congress,"Shri @RahulGandhi leads the  #SaveTheConstitution march against the unconstitutional CAA &amp; NRC in Kalpetta, WayanadтАж https://t.co/d0sx1sJCJk"
TheRealKrishna,When govt and police are incapable of taking action what is needed this type of frustration will show frequently.тАж https://t.co/i3vqCsOPe2
Priyan - роЪрогрпНроорпБроХрокро┐ро░ро┐ропройрпН роЪро┐ро╡ро▓ро┐роЩрпНроХроорпН,"#CAA_NRC_NPR роОродро┐ро░рпНродрпНродрпБ роЪрпЖройрпНройрпИропро┐ро▓рпН рооройро┐род роЪроЩрпНроХро┐ро▓ро┐ рокрпЛро░ро╛роЯрпНроЯроорпН.

роЗроЯроорпН - роЕрогрпНрогро╛ роЪро╛ро▓рпИ роЕроорпЖро░ро┐роХрпНроХ родрпВродро░роХроорпН. https://t.co/iQXR5yt8nB"
"DILKHUSH MEENA KODYAI, SWM",рдЬрд╛рдорд┐рдпрд╛ рдХреЗ рдЫрд╛рддреНрд░ CAA рдХреЗ рдЦрд┐рд▓рд╛рдл рд╢рд╛рдВрддрд┐рдкреВрд░реНрдг рд╡ рдЧрд╛рдВрдзреАрд╡рд╛рджреА рддрд░реАрдХреЗ рд╕реЗ рдорд╛рд░реНрдЪ рдХрд░ рд░рд╣реЗ рдереЗред рддрдм рд╣реА рдПрдХ рдЖрдзреБрдирд┐рдХ рдЧреЛрдбрд╝рд╕реЗ(рдЧреЛрдкрд╛рд▓) рдиреЗ рдЦреБрд▓реЗтАж https://t.co/1diAWj6uFl
Shivam DubeyЁЯЗоЁЯЗ│,"рд╢рд╛рд╣реАрди рдмрд╛рдЧ рдореЗрдВ рдзрд░рдиреЗ рдкрд░ рдмреИрдардиреЗ рд╕реЗ рдпреЗ рдШрдордВрдбреА рд╕рд░рдХрд╛рд░ CAA рд╡рд╛рдкрд╕ рдирд╣реАрдВ рд▓реЗрдЧреА рдЖрддреНрдорд╣рддреНрдпрд╛ рдХрд░рдиреА рд╢реБрд░реВ рдХрд░реЛ рдмреЗ ред

ЁЯШВЁЯШВЁЯШВЁЯШВЁЯШВЁЯШВЁЯШВ"
ЁЯЗоЁЯЗ│ Indrani_se_nani ЁЯЗоЁЯЗ│,@vivekagnihotri Red paint
Dr. Amna Shabi,"#Jamia Student shot by a goon
They tried to repeat the assassination of #Gandhi

#Gandhi Hum Sharminda hai, Tere KaтАж https://t.co/Sn6shUUCPY"
Financial Express,"Addressing students, the CM without taking names criticised the ""distinguished personalities"" who have extended supтАж https://t.co/vmDIhZ1bPB"
Parth Mehrotra,@patni_muzaffar Tum nahi krte na karo mere sare Muslim frnds jo bht ache hai jnu jaise nahi paiso k lie bik gae orтАж https://t.co/YqFMW3qPSK
рджрд┐рд▓реНрд▓реА рд╡рд┐рдзрд╛рди рд╕рднрд╛ рдЪреБрдирд╛рд╡,рд╕рднреА рдЪреБрдирд╛рд╡ рдореЗрдВ рднрд╛рдЧ рд▓реЗрдиреЗ рд╡рд╛рд▓реЗ рдЙрдореНрдореАрджрд╡рд╛рд░ CAA +NRC рдореЗрдВ рдЕрдкрдирд╛ рд╕реНрдкрд╖реНрдЯ рд╡рд┐рдЪрд╛рд░ рд░рдЦреЗ | рд╕рдорд░реНрдерди рдпрд╛ рд╡рд┐рд░реЛрдз  рдХреБрдЫ рднреА рд╣реЛ | рд▓реЗрдХрд┐рди рдЧреЛрд▓ -тАж https://t.co/h5FLurTSgx
рд╕реМрд░реНрдп рдорд┐рд╢реНрд░ЁЯТп% FЁЯФЩ,"рд╢рд╛рд╣реАрди рдмрд╛рдЧ, рд╣рдЬрд╝рд╛рд░реЛрдВ рд╡рд┐рд░реЛрдзрд┐рдпреЛрдВ рдХреЗ рдареАрдХ рд╕рд╛рдордиреЗ рдПрдХ рдЕрдХреЗрд▓рд╛ рд╢рдЦреНрд╕ рдЬреЛ CAA рдХреЗ рд╕рдорд░реНрдерди рдореЗрдВ рдмреИрдард╛ рд╣реИред рд╣рд┐рдореНрдордд рдФрд░ рдЬрдЬрд╝реНрдмреЗ рдХреА рджрд╛рдж рджреАрдЬрд┐тАж https://t.co/ok3zRDAiuq"
Nawed Akhter,Next may be Z+security cover  for attackers on anti CAA protesters.
Dilip Patel,"@sudhirchaudhary рдмрд╛рдХрд┐ рд░рд┐рдкреЛрд░реНрдЯрд░ рдпреЗ рдирд╣реАрдВ рдкреВрдЫ рд░рд╣реЗ рд╣реЗ рдХреА рддреБрдордХреЛ CAA рдХреА рдЫреЛрдбреЛ NRC рд╕реЗ рдЗрддрдирд╛ рдбрд░ рдХреНрдпреЛрдВ рд▓рдЧ рд░рд╣рд╛ рд╣реЗ,рд╕рдм рдХреЗрд╡рд▓ рдпреЗ рджрд┐рдЦрд╛рдПрдВрдЧреЗ рдХреА рдбрд░реЗ рд╣реБрдП рд╣реЗ"
KyRosha,"@kamaalrkhan Still u support NRC and CAA, why ?"
Braja Bandhu Behera,Why @republic @NewsX not showing the live movement of the criminal pro CAA openly firing to students of Jamia who admitted in AIIMS
India_For_Indians,@RanaAyyub Here ЁЯдгЁЯдгЁЯдг https://t.co/MFHbJhlH2f
Shirish,"@ZeeNewsHindi @DelhiPolice Dimaak kharab kar rakha hai....40 din se 
CAA Support karne wale agar sadak par nikal aaye fir kya hoga...."
Garima Bhanot,The government has been maintaining that the CAA is a matter internal to India #CAA_NRC_support #IndiaSupportCAA  https://t.co/Cw7mKf5xQd
Saddam khan,@rishitapandey2 @Sheezansajid @khanumarfa Sun na tere papa(amit shah) ne challange kiya tha jisko nrc caa pe debateтАж https://t.co/9zCfH09WtA
ф╜Х рд╕реНрдиреЗрд╣рд╛рдВрд╢реБ рдкреНрд░рд┐рдпрдо ч▒│ Hс┤Ы╩Я,"рд╡реЛ рд╢реВрдЯрд░ CAA рд╕рдкреЛрдЯреЗрд░ рдерд╛ рдХреНрдпрд╛ЁЯШК
#JamiaViolence"
CharveeSingh_4ve,@taapsee @M_Raj03 @rahuldholakia @Viacom18Studios @AndhareAjit @priyaaven How can we Watch the movie of someone whoтАж https://t.co/xchSjJNJwx
Soumajit Dey,#thatswhymumbai https://t.co/WqrgLN80RW
Ekhon Khobor,"#ekhonkhobor #CAA_NRC_Protests #CAAProtests #JamiaViolence 
тАШржПржЗ ржирж╛ржУ ржЖржЬрж╛ржжрж┐тАЩ ржмрж▓рзЗржЗ рж╕рж┐ржПржП-ржмрж┐рж░рзЛржзрзА ржорж┐ржЫрж┐рж▓рзЗ ржЧрзБрж▓рж┐ ржмржирзНржжрзБржХржмрж╛ржЬрзЗрж░тАж https://t.co/0WtjODRJLW"
Amit Kumar Bhagat,@bhupeshbaghel @INCIndia The CAA citizenship amendment should apply in Chhattisgarh.
ЁЭУУЁЭУ▒ЁЭУкЁЭУ╗ЁЭУ╢ЁЭУоЁЭУ╖ЁЭУнЁЭУ╗ЁЭУк ЁЭУРЁЭУ╢ЁЭУлЁЭУоЁЭУнЁЭУ┤ЁЭУкЁЭУ╗ ЁЭУЬЁЭУЯ,"рднрд╛рд░рдд рдХреЗ рджрд▓рд┐рдд рдХреЛ рддреЛ рдмрд╣реБрдд рдорд╛рди рд╕рдореНрдорд╛рди рджрд┐рдпрд╛ рдЬрд╛ рд░рд╣рд╛ рд╣реИ рдЬреИрд╕реЗ рдХреАред  
рдХреНрдпреВ рдЕрдВрдз рднрдХреНрддреЛ
#рдХрд╛рд▓рд╛_рдХрд╛рдиреВрди_рдШрдордВрдбреА_рд╕рд░рдХрд╛рд░тАж https://t.co/BIBSvWQpYv"
MOHD Asif Saifi * ЁЯЗоЁЯЗ│,#shameondelhipolice  #AmitShah #Jamia #CAA_NRCProtests https://t.co/lNAIGbVzEg
Gopinath Rao B.CЁЯЪй,@Javedakhtarjadu Yup...by opposing CAA
рикрй░риЬри╛римрйА,"рдЬрд▓реНрджреА рдЦреЗрд▓ рдЧрдПред рдЕрд╕рд╣рд┐рд╖реНрдгреБрддрд╛, рдЕрднрд┐рд╡реНрдпрдХреНрддрд┐ рдХреА рдЖрдЬрд╝рд╛рджреА, рд╕рд░реНрдЬрд┐рдХрд▓ рд╕реНрдЯреНрд░рд╛рдЗрдХ рдкрд░ рд╕рд╡рд╛рд▓, рд╕реНрдпрд╛рд╣реА рд╣рдорд▓рд╛, рд▓рд╛рд▓реА, рдореЙрдм рд▓реАрдирдЪрд┐рдВрдЧ, CAA рдкреНрд░рджтАж https://t.co/YgOjXEksTT"
Caa.,@andihiyat Iya. Sekarang paling enak jadi diri sendiri aja udahЁЯШК
carina malatesta,Jamia Millia firing case LIVE updates: Opposition seeks minister Anurag Thakur's resignation - India Today https://t.co/gxIb1BLRD6
Shah Nawazkhan,"#BJPkaGodseRaj
Gunman fires at anti-CAA protest rally in Delhi https://t.co/u7MSUyiSsK"
Indiatimes Hindi,"CAA рдкреНрд░реЛрдЯреЗрд╕реНрдЯ рдХреЗ рджреМрд░рд╛рди рдЬрд╛рдорд┐рдпрд╛ рдореЗрдВ рдкреБрд▓рд┐рд╕ рдХреЗ рд╕рд╛рдорди рдлрд╛рдпрд░рд┐рдВрдЧ, рдпреБрд╡рдХ рдиреЗ рдХрд╣рд╛- рдпреЗ рд▓реЛ рдЖрдЬрд╛рджреА 
#Jamia #JamiaMilliaIslamia 
https://t.co/nF1ivwmDUU"
Middle-East & Pakistan Times of News,Gunman fires at anti-CAA protest rally in┬аDelhi https://t.co/Gssxvpk6Rk https://t.co/wNCBLSyg4N
(╪з╪к┘Б ┘Е┌й╪к╪п╪▒)AtifRTЁЯЗоЁЯЗ│,"5000 рдХрд┐рд▓реЛ рд╕реЛрдирд╛ рдЪрдВрджрд╛ рджреЗрдВ #рдореАрд░_рдЙрд╕реНрдорд╛рди
....
рдЗрдВрдХрд▓рд╛рдм рдЬрд╝рд┐рдВрджрд╛рдмрд╛рдж рдХрд╛ рдирд╛рд░рд╛ рджреЗрдВ #рд╣рд╕рд░рдд_рдореЛрд╣рд╛рдиреА
....
рдкрд╛рдХрд┐рд╕реНрддрд╛рди рдХрд╛ рдЯреИрдВрдХ рдЙрдбрд╝рд╛рдРтАж https://t.co/j3jFrFtCwf"
Arunima Pandey Mishra,"@ajitanjum @amitposts рдЬреЛ рддрд░реНрдХ рдХрд░рдирд╛ рдирд╣реАрдВ рдЬрд╛рдирддреЗ, рдмрд▓реНрдХрд┐ рддрд░реНрдХ рд╕реЗ рдирдлрд╝рд░рдд рдХрд░рддреЗ рд╣реИрдВ, рдЙрдирдХрд╛ рдЧреЛрдбреНрд╕реЗрдХрд░рдг рддреЗрдЬреА рд╕реЗ рд╣реЛрддрд╛ рд╣реИред рдЧреЛрдбрд╕реЗтАж https://t.co/pWtSywWkTI"
SAURAV SINHA CHOWDHURY,"@sudhirchaudhary WB pe Hum sab log chup hai mujburan bt Savi CAA K sath hain...
Central Govt Should act strict actiтАж https://t.co/2K53H913aS"
cacaa,"kenapa dah orang"" pada kocak bat elahh"
Nahid Lari Khan,рдЖрддрдВрдХреА рджреЗрд╢рджреНрд░реЛрд╣реА рд╢реИрддрд╛рди рдЧреЛрдбрд╕реЗ рдиреЗ рдЖрдЬ рдХреЗ рд╣реА рджрд┐рди рдмрд╛рдкреВ рдХреА рд╣рддреНрдпрд╛ рдХреА рдереА рдЖрдЬ рдкреБрдирдГрджреЗрд╢рджреНрд░реЛрд╣реА рдЖрддрдВрдХреА рд╢реИрддрд╛рди рдЧреЛрдбрд╕реЗ рдирдВрдмрд░2рдЧреЛрдкрд╛рд▓ рдиреЗ рдмрд╛тАж https://t.co/vXeDCkGFC2
ALI SHAIKH,@kashaf3751 #We_Are_Gandhians #We_Are_Gandhians #We_Are_Gandhians #We_Are_Gandhians #рддреБрдо_рдХрд┐рддрдиреЗ_рдЧрд╛рдВрдзреА_рдорд╛рд░реЛрдЧреЗтАж https://t.co/l6b51g6xND
MOHD RAZA,"Godse Abhi Zinda haiЁЯШФЁЯШФ
A miscreant flashed a gun chanting Pro CAA slogans and fired a shot injuring a Jamia studentтАж https://t.co/FCKtHRySmM"
michael arun,"#DelhiPolice standing very discipline, when a man opens fire against Anti CAA NRC protesters...

Shame on youтАж https://t.co/Cr68GkPaCy"
Ashfaq Khan,"рдЬрд╛рд▓рд┐рдо рдЦреБрд╢ рд╣реЛ рд░рд╣реЗ рд╣реИрдВ рдХрд┐ рд╣рд╛рдХрд┐рдо 
рднреА рд╣рдорд╛рд░рд╛ рдФрд░ рд╣реБрдХреВрдордд рднреА рд╣рдорд╛рд░реА рд╣реИ
рдордЧрд░ рдЬрд╛рд▓рд┐рдореЛрдВ рд╣рдо рднреА рд▓рд╛рд╡рд╛рд░рд┐рд╕ рдирд╣реАрдВ рд╣реИ, 
рд╕рдмрд╕реЗ рдмрдбрд╝рд╛ рд╣рд╛рдХрд┐рдо рдЕтАж https://t.co/KLtCfbfp2i"
Jayesh,"рдпреЗ рдкреБрд░рд╛рдирд╛ рд╣реЛ рдЧрдпрд╛ - 

"" рдХреНрдпрд╛ рдЪрд▓ рд░рд╣рд╛ рд╣реИ?
FOGG рдЪрд▓ рд░рд╣рд╛ рд╣реИ"" ,

рдЕрдм рдирдпрд╛ рдЖрдпрд╛ рд╣реИ -

"" рдХреНрдпрд╛ рдЪрд▓ рд░рд╣рд╛ ? 
рдпреЛрдЧреА рдЬреА ,рдЕрдорд┐рдд рд╢рд╛рд╣ , CAAтАж https://t.co/PfJfbDTGxd"
рдЕрдВрд╢реБ рдкреНрд░рд┐рдпрджрд░реНрд╢реА,The preparators of CAA_NRC protest doesn't want to leave any stone unturned to make it a violent one....... thankfuтАж https://t.co/GijlWG6jcB
Aniket Aga,"Heavy police &amp; paramilitary presence and bus loads of police on stand by, at the memorial of the man, who declinedтАж https://t.co/cj5WiWiU6w"
St. Prakash,@rahulkanwal Saw ur interview with @SadhguruJV . He was asking you why nobody in media tell the protestors that CAAтАж https://t.co/BmQyFvsVRA
GAUTAM,"@TahaMahmood179 @being_dogra Nah. I believed that at the start. Then i heard hinduo se azadi, jinaah wali azadi, liтАж https://t.co/poSkY1Sw4k"
Gaurav kumar singh,@its_ok_yaar Rss ka hi hu aur meri maa behen road jam nahi karti wo bhi parliament se pass bill ke khilaf... aur kyтАж https://t.co/n1uznvbweU
рд╕рддреНрдп рд╣реВрдБ рдореИрдВтЪЦя╕ПЁЯСБя╕ПтАНЁЯЧия╕П,"тАШрд╡реЛ рдЖрдпрд╛..рдЧреЛрд▓реА рдЪрд▓рд╛рдХрд░ рдмреЛрд▓рд╛...рдпреЗ рд▓реЛ рдЖрдЬрд╛рджреАтАЩ, рдЪрд╢реНрдорджреАрдж рдиреЗ рдмрддрд╛рдпрд╛- рдЬрд╛рдорд┐рдпрд╛ рдореЗрдВ рдХреНрдпрд╛ рд╣реБрдЖ -
рднрд╛рдЬрдкрд╛ рдХреЗ рдЕрдиреБрд░рд╛рдЧ рдард╛рдХреБрд░ рдиреЗ рдЬреЛ рдХрд╣рд╛ рд╡рд╣тАж https://t.co/gmTAWYhSem"
CHINMOY,"Entire incident based on REVENGE not link with #CAA OR NRC
Some Muslim goons Killed his friend CHANDAN year agoтАж https://t.co/utXo7wyP1u"
ЁЯЗоЁЯЗ│ SUDIP YADAV ЁЯЗоЁЯЗ│,"@RanaAyyub The terrorist has a name. He tells police his name is Tahiruddin.

Tahiruddin is TMC's Jalangi Block PreтАж https://t.co/j1063GNi8s"
Vishal Bhattacharji {Tyre Marks},"CAA рдХреЗ рдЦрд┐рд▓рд╛рдл рджрд┐рд▓реНрд▓реА рдХреЗ 
рд╢рд╛рд╣реАрди рдмрд╛рдЧ рдореЗрдВ рд╣реЛ рд░рд╣реЗ рдкреНрд░рджрд░реНрд╢рди рдХреЗ рд╕рдорд░реНрдерди рдореЗрдВ рдЖрдП рд▓реЛрдЧ ЁЯСНЁЯП╝ https://t.co/Y0BCq8LAlK"
Manvendra Singh,"@RanaAyyub So why r u protesting against CAA
Y u want more Muslims here in Ind
Save them ЁЯЩП"
рд╢реЗрд░ рд╕рд┐рдВрд╣ рдмреНрд░рд┐рдЬрд╡рд╛рд╕реА,@Dr_Uditraj @ANI @INCIndia @BBCHindi #CAA_NRC_Protests рджреЗрд╢ рдореЗ рд╣реЛ рд░рд╣реЗ рдкреНрд░рджрд░реНрд╢рди рдХреЛ рджреЗрдЦрддреЗ рд╣реБрдП рдпреБрд╡рд╛рдпреЛрдВ рдореЗрдВ рдЧреБрд╕реНрд╕рд╛ рд╣реИред
Harry Potter,"@ajitanjum @VinodSharmaView This man was part of the student mob

Why didn't he fire when he was part of mob ?
He wтАж https://t.co/IFI9z8g4kg"
To The POINT,@KabirTaneja Me searching for timeline of kabir calling out those that shot 55 cops on anti CAA protest by JIHADIST. https://t.co/zBNUPx2hzg
рднрд╛рд░рдд рд╕рдорд╛рдЪрд╛рд░,"#BharatSamachar 

#Delhi :- #CAA рдкреНрд░рджрд░реНрд╢рди рдХреЗ рджреМрд░рд╛рди #Jamia рдореЗрдВ рдЪрд▓реА рдЧреЛрд▓реА, рдпреБрд╡рдХ рдиреЗ рдХрд╣рд╛- рдореИрдВ рджрд┐рд▓рд╛рддрд╛ рд╣реВрдВ рдЖрдЬрд╛рджреА.тАж https://t.co/LE36qaXm6P"
рдЖрд░рдВрднрд╢реВрд░,Liberals on Facebook now suddenly feeling that India is now insecure due to CAA! They are saying why the attacker chose this day. ЁЯдгЁЯдг
р┐ЧWOKEZombie р┐Ч,@supermaniac111 @Chaiti @DelhiPolice May be plot was to spread violence but shooter was caught by public on the spoтАж https://t.co/ntgngfjuxm
тАП┘Ж┘И╪▒╪з┘Д╪п█М┘ЖЁЯЗоЁЯЗ│,I blame our judiciary for dragging the CAA hearing to another month .. this is state sponsored and judiciary hailedтАж https://t.co/5ibXyLHb0F
S M Abbas ╪│ ┘Е ╪╣╪и┘С╪з╪│,"#CAA_NRCProtests
Hindus of Pakistan reject CAA, do not want Indian Prime Minister ModiтАЩs offer of citizenship https://t.co/frqBj4nK1K"
Annihilation of Caste,"@anilkum04050305 Never instead he is breaking the Hindu Muslim narrative, bcoz he said that dalits, adivasis and BaтАж https://t.co/rCX2GEfz1i"
Harry Potter,"@VinodSharmaView @ajitanjum This man was part of the student mob

Why didn't he fire when he was part of mob ?
He wтАж https://t.co/gLEDmkB8nS"
Kalaignar Seithigal,"тАЬро╡ро┐роЯрпБродро▓рпИропро╛... роЗроирпНродро╛ роОроЯрпБродрпНродрпБроХрпНроХрпЛтАЭ : CAA-ро╡рпБроХрпНроХрпБ роОродро┐ро░ро╛роХ рокрпЛро░ро╛роЯрпНроЯроорпН роироЯродрпНродро┐роп рооро╛рогро╡ро░рпНроХро│рпН роорпАродрпБ родрпБрокрпНрокро╛роХрпНроХро┐роЪрпН роЪрпВроЯрпБ!

#JamiaтАж https://t.co/jr1DIFxhnd"
Mohammad Abrar Khan,рдпреЗ рд╡рд╣реА #рджрд┐рд▓реНрд▓реА_рдкреБрд▓рд┐рд╕ рд╣реИ рдЬрд┐рд╕рдиреЗ рдЬрд╛рдорд┐рдпрд╛ рдХреЗ рдирд┐рд╣рддреНрдереЗ рд╕реНрдЯреВрдбреЗрдВрдЯреНрд╕ рдФрд░ CAA рд╡рд┐рд░реЛрдзреА рд░реИрд▓рд┐рдпреЛрдВ рдореЗрдВ рдЖрдпреЗ рдкреНрд░рджрд░реНрд╢рдХрд╛рд░рд┐рдпреЛрдВ рдХреЛ рд▓рд╛рдард┐рдпреЛрдВтАж https://t.co/RMAtrerG06
SwamiChidanandSaraswati,"рдЕрдЧрд░ рдореБрд╕реНрд▓рд┐рдо, рднрд╛рд░рддреАрдп рдХрдореНрдкрдиреА рдХреЗ рдкреНрд░реЛрдбрдХреНрдЯ рдЬреИрд╕реЗ рдХрд┐ рдмрд╛рдмрд╛ рд░рд╛рдорджреЗрд╡,рдЕрдореНрдмрд╛рдиреА рдХрд╛ рдмрд╣рд┐рд╖реНрдХрд╛рд░ рдХрд░ рд╕рдХрддреЗ рд╣реЗ рддреЛ рдЖрдЬ рд╕реЗ рдФрд░ рдЕрднреА рд╕реЗ рдореБрд╕реНрд▓рд┐тАж https://t.co/9A6HXzDpH7"
Mayank Intwala,@SHASHANKSVERMA @NizzInd @ANI Jahil hum nahi jahil wo he jo CAA ka bina pade virodh kar rahe he...
Jitendra Singh Rathore,"рдереЛрдбрд╝рд╛ рд╣рдВрд╕ рднреА рд▓реЛред
#CAA_NRC_NPR https://t.co/xCSmia1klq"
тДУ╧Гg╬╣┬в╬▒тДУ ╨▓╬▒╨╕тИВ╬▒,@caa_nrc_best @swetasamadhiya @iPoojaGoswami @Sanchitastic @Shubham21ee @HimanshiKunwar1 @Lil_MissTrollsтАж https://t.co/OcCsflAi1L
sorin furcoi,Gunman fires at anti-#CAA protest rally in #Delhi @AJENews  https://t.co/cs48Yjpyuy
UTKARSH SHASHWAT,"Shaheen bagh protesters shouting ~ hum leke rkhenge azaadi, CAA se azaadi, NRC se azaadi.... Media quoting them asтАж https://t.co/TZQ6P9swZl"
saeed khan,рдЗрди рддрд╕реНрд╡реАрд░реЛрдВ рдХреЛ рдзреНрдпрд╛рди рд╕реЗ рджреЗрдЦрд┐рдП рдирдлрд╝рд░рдд рдХреА рд╕реЛрдЪ рдореЗрдВ рдЕрдВрдзрд╛ рд╣реЛрдХрд░ рдЖрдЬрд╛рдж рднрд╛рд░рдд рдХреЗ рдкрд╣рд▓реЗ рдЖрддрдВрдХрд╡рд╛рджреА рдирд╛рдереВрд░рд╛рдо рдЧреЛрдбрд╕реЗ рдиреЗ 72 рд╕рд╛рд▓ рдкрд╣рд▓реЗ рдЗтАж https://t.co/bOxRbn6GqQ
рдЖрджрд┐рдпреЛрдЧреА рд╕рдЬрди рднрд╛рд░рджреНрд╡рд╛рдЬрдГ,рдЖрдЬ рджрд┐рд▓реНрд▓реА рдореЗрдВ рдмрд╕рдВрдд рдкрдВрдЪрдореА рдХреЗ рд╢реБрднрдЕрд╡рд╕рд░ рдкрд░ рдпрд╣ рдХрд╛рд░реНрдп рдкреНрд░рд╛рд░рдореНрдн рд╣реЛ рдЧрдпрд╛ рд╣реИ рдЬрд╛рдорд┐рдпрд╛ рдорд┐рд▓рд┐рдпрд╛ рдХреЗ рдЫрд╛рддреНрд░ рдПрдХ CAA рд╡рд┐рд░реЛрдзреА рдкреНрд░рджрд░реНрд╢рди рд▓реЗтАж https://t.co/OdG51zxCGN
рдЕрд░реБрдг рд╡рддреНрд╕ рднрд╛рд░рддреАрдп ЁЯЪйЁЯЗоЁЯЗ│ЁЯЪй,@AneelaKh @RanaAyyub To kya ja raha hai tumhare baap Dada Ka Jo 2 mahine se desh ko ransom pe rakha hai.. abhi lohdтАж https://t.co/r2PqQ2GiTa
Dr Parul Dwivedi,@ZeeNews About CAA https://t.co/xMRzZ25ouo
India First ЁЯЗоЁЯЗ│,"@MajorPoonia @PMOIndia @AmitShah Sir, I think this drama over CAA will continue ONLY till you bring another politicтАж https://t.co/V84LSF2ldB"
Aaryan Aarya,рдкреВрдЫрдирд╛ рдпреЗ рдерд╛ рдХрд┐ рдЕрдореЗрд░рд┐рдХрд╛ рдореЗрдВ CAA рдХрд╛ рдЬреЛ рд╡рд┐рд░реЛрдз рд╣реЛ рд░рд╣рд╛ рд╣реИ рдЙрд╕рдХрд╛ рдкреЗрдореЗрдВрдЯ рдбреЙрд▓рд░ рдореЗрдВ рд╣реЛрддрд╛ рд╣реИ рдпрд╛ рд░реБрдкрдпреЗ рдореЗрдВ рдЬрд╕реНрдЯ рдкреБрдЫрд┐рдВрдЧтАж https://t.co/qWnUzEZtDM
ЁЯЗоЁЯЗ│ Indrani_se_nani ЁЯЗоЁЯЗ│,@Logical_Rai1 @swetasamadhiya @iPoojaGoswami @Sanchitastic @Shubham21ee @HimanshiKunwar1 @Lil_MissTrollsтАж https://t.co/Upv1vIRhJ9
Awadhesh Kumar Singh,Home Minister Amit Shah jee рдЬрдм рд░рд╛рдорджреЗрд╡ рдмрд╛рдмрд╛ рдХреЗ рдЖрдВрджреЛрд▓рди рдкрд░ рдкреБрд▓рд┐рд╕ рдмрд▓ рдХрд╛ рдкреНрд░рдпреЛрдЧ рдХрд░рдирд╛ рдЕрдЧрд░ рдЙрдЪрд┐рдд рд╣реИ рддреЛ рдХреНрдпрд╛ рджреЗрд╢ рдореЗрдВ CAA рдХреЗтАж https://t.co/ETy1zyEhkB
ЁЯНЙMar,@Hrjstar Caa menang caaa ЁЯШн
Karnika,#Jamia live updates: https://t.co/vobwfH3zCE
@l-Miher Khan,"рдЬрд╛рдорд┐рдпрд╛ рдпреВрдирд┐рд╡рд░реНрд╕рд┐рдЯреА рдХреЗ рдкрд╛рд╕ рд╣реЛ рд░рд╣реЗ CAA рдХреЗ рдЦрд┐рд▓рд╛рдл рдкреНрд░рджрд░реНрд╢рди рдореЗрдВ рдмрдВрджреВрдХ рд▓реЗрдХрд░ рдШреБрд╕рд╛ рдпреБрд╡рдХ, рдлрд╛рдпрд░рд┐рдВрдЧ рдХрд░ рдмреЛрд▓рд╛- 'рдпреЗ рд▓реЛ рдЖрдЬрд╛рджреА'- рджреЗтАж https://t.co/gu7Jm9VMZH"
Neetika Mahindrakar,@GoofyOlives @caa_nrc_best @dharmicverangna @coffee_lines @Hindustaan_Mera @AimaraChopra @QueenPunjabтАж https://t.co/q3wYHHSMi1
Arif Shaik,Withdraw CAA NRC NPRтАж its an international shame  #WorldAgainstCAA_NRC_NPR
ЁЯСТ Ritu Singh ЁЯСТ,"#Jamia ЁЯд╖
рд╕рд╡рд╛рд▓ рд╣реИ рдХрд┐ рдкреБрд▓рд┐рд╕ рдХреА рднрд╛рд░реА рдореМрдЬреВрджрдЧреА рдХреЗ рдмрд╛рд╡рдЬреВрдж рд╡реЛ рд╣рдорд▓рд╛рд╡рд░ рд╣рдерд┐рдпрд╛рд░ рд▓реЗрдХрд░ рд╡рд╣рд╛рдВ рдХреИрд╕реЗ рдкрд╣реБрдВрдЪрд╛ ?
рдХреИрд╕реЗ рдЙрд╕рдиреЗ рдкреБрд▓рд┐рд╕ рдХреЗ рд╕рд╛рдотАж https://t.co/WJCmeV9qR7"
Sonu Kr. Jha,"рдЖрдк рдЦреБрд╢ рд╣реИрдВ, рдХреНрдпреЛрдВрдХрд┐ рдЬрдореНрдореВ-рдХрд╢реНрдореАрд░ рд╕реЗ рдзрд╛рд░рд╛ 370 рд╣рдЯрд╛ рджрд┐рдпрд╛ рдЧрдпрд╛ рд╣реИ 
рд▓реЗрдХрд┐рди рдЕрдм рддреЛ рдкреВрд░реЗ рд╣рд┐рдВрджреБрд╕реНрддрд╛рди рдХреЛ рд╣реА рдХрд╢реНрдореАрд░ рдмрдирд╛ рджрд┐рдпрд╛ рдЧрдпрд╛тАж https://t.co/ub5EmXH63T"
rafatalamthe1@gmail.,#Jamia #NathuramGodse #CAA_NRCProtests https://t.co/M8uKCq22LM
Harpreet Sangar,@NikSri007 @myselfrk @RahilPa46417225 @samjawed65 @priyankac19 Bhai janta ko pata hei kitna danga ho raha heiтАж https://t.co/Hx75XAGEV7
Virendra Sharma,"рдЕрдм рдЕрд░рдлрдЦрд╛рдирдо рдиреЗ рдЕрдкрдиреА рд╕реНрдЯреНрд░реИрдЯрдЬреА рдмрджрд▓ рджреА рд╣реИ рдЕрдм рдорд░реНрджреЛрдВ рдХреЛ рд░рдЬрд╛рдИ рдореИ рдФрд░ рдЖреИрд░рдд рдУрд░ рдмрдЪреНрдЪреЛ рдХреЛ рд╕рдбрд╝рдХ рдкрд░ рдЙрддрд╛рд░ рджрд┐рдпрд╛ рд╣реИ.

рдХреБрдЫ рднреА рдХрд░ рд▓реЛтАж https://t.co/m3qWv168qw"
Venkat  reddy,@smitaprakash Nice script but film not going to release at all we support #CAA
shabab khan,"рд▓рдЦрдирдК рдШрдВрдЯрд╛рдШрд░ рдкрд░ NRC, CAA рдХреЛ рд▓реЗрдХрд░  рдорд╢рд╣реВрд░ рд╢рд╛рдпрд░ рдореБрдирд╡реНрд╡рд░ рд░рд╛рдирд╛ рдХреА рдмреЗрдЯреА рдЙрд░реБрд╕рд╛ рд╕реЗ  рдЦрд╛рд╕ рдмрд╛рддрдЪреАрдд ,,,,рд╕рдВрд╡рд╛рджрджрд╛рддрд╛ рд╢рдмрд╛рдм рдЦрд╝рд╛рди https://t.co/sd2jkCit1s"
Raj,"@ashutosh83B Bilkul haregi bjp.
Per kaale baba aapne ye nahi bataya ki jo log shaheen bag main baithe hai kya wo saтАж https://t.co/jgMIUgMEzb"
Save Democracy,Modi and Shah destroying India.Students who are protesting against #CAA_NRC_NPR  are labelled as terrorist with theтАж https://t.co/iVjj2kfYpI
Sayeed Ahmed,@gr_eternity @Anil82302640 @naukarshah After over all this they already announced they bring NRC all over country.тАж https://t.co/8rJVWGkGeX
Nitin singhal,CAA рдХреЗ рд╕рдорд░реНрдерди рдХреЗ рд▓рд┐рдП 8866288662 рдкрд░ рдорд┐рд╕рдХреЙрд▓ рдХрд░реЗ https://t.co/wy0eBLCAXw
Alex,@ikirtitiwari I thought would have to google to search word CAA. You tells me its Citizen Amendment Act.thanks kirtтАж https://t.co/qFbL9RNbnE
Saroj Pandey,"рдЫрддреНрддреАрд╕рдЧрдврд╝ рдХреА @bhupeshbaghel рд╕рд░рдХрд╛рд░ рдиреЗ рдХреИрдмрд┐рдиреЗрдЯ рдореЗрдВ #CAA рдХреЗ рд╡рд┐рд░реЛрдз рдореЗрдВ рдкреНрд░рд╕реНрддрд╛рд╡ рдкрд╛рд╕ рдХрд┐рдпрд╛

рдЖрдкрдХреА рдкрд╛рд░реНрдЯреА @INCIndia рдиреЗрддрд╛тАж https://t.co/X7F03tqlPh"
Gopi Bhai,"рдХреЛрд╣рд░реЗ рдХреА рдирдЧрд░реА рджрд┐рд▓реНрд▓реА рдореЗрдВ, рдЪреБрдирд╛рд╡реА рдХреЛрд╣рд░рд╛рдо
рдЕрдм рд╢рд╛рд╣реАрди рдмрд╛рдЧ рд╣реА рдлрд┐рдХреНрд╕ рдХрд░реЗрдЧрд╛ рдХреА рджрд┐рд▓реНрд▓реА рдЪреБрдирд╛рд╡ рдХреЛрди рдЬрд┐рддреЗрдЧрд╛ рд╡ CAA, NRC рдПрдХреНрдЯ рдордЬрдмреБтАж https://t.co/yqu7ZDl2kg"
typocracy,"рдкреНрд░реВрд╡ рдХрд░рдиреЗ рдХреЗ рд▓рд┐рдП, рд╕рдореНрдорди рдХрд┐рдП рдЧрдП рд░рддрди рдиреВрд░рд╛
#UPPolice #CAA_NRC_Protests https://t.co/nxdAhR8rCU https://t.co/QPCMw47olc"
mad mad hindu,"рд░рд╛рд╣реБрд▓ рдЧрд╛рдВрдзреА рдХрд╣рд╛ рд╣реИ?? CAA рд╡рд┐рд░реЛрдзреА рдХрд╣рд╛ рд╣реИ? 
рдкреНрд░рд┐рдпрдВрдХрд╛ рд╡рд╛рдбреНрд░рд╛ рдХрд╣рд╛ рд╣реИ?
@RahulGandhi
@priyankagandhi
@INCIndia https://t.co/jAuxPR4J9y"
Meet Patel,"Controversy about CAA, CAB and NRC have been reached on an apex point these days. According to the Constitution minтАж https://t.co/1xVGKOoXC7"
Tanvi Bhakta,"#bangaloreprotests #CAA_NRC_Protests 

We're in front of the CCD and will be here until 5.17pm to pay homage to theтАж https://t.co/VfJKXSYwXi"
X,Anti CAA guy taking one for the team: Interrogates the most agressive and non- journalistic journalist mid flight cтАж https://t.co/m8e9KAnxTq
Sushil Karwal5,"NDTVIndia: Univ me padne wale students ko CAA se kya lena dena, CAA ka verodh wo chand students he karenge jine vepтАж https://t.co/qEIEwIDoU4"
SYAM JOEL,@urstrulyMahesh Enjoy р░жр▒Зр░╢р░Вр░▓р▒Л NRC  CAA р░кр▒Ир░ир░╛ р░ир▒Лр░░р▒Б р░ор▒Жр░жр░кр░░р▒Б р░╕р▒Вр░кр░░р▒Н р░╕р░╛р░░р▒Н р░ор▒Ар░░р▒Б
Abhishek dutta,@DLFEmporio one of your employees sshretu kansal supports the man firing at anti caa rally in delhi... do you wantтАж https://t.co/jzWDEE39cF
JAY G.,"@narendramodi @AmitShah @DrSJaishankar @PiyushGoyal 

As Europe is next target for Trump Administration led the UniтАж https://t.co/UHKOIC9neb"
VINODKUMAR,@Real_Vish5 @MajorPoonia CAA NRC рд╕рдорд░реНрдердХреЛ рдкреЗ рд╣рд┐рдВрд╕рд╛ рд╣реБрдЖ рдерд╛ рдЙрд╕рдХрд╛ рд╡рд┐рд░реЛрдз рдХрд┐рдпреЗ рдереЗ рдХреНрдпрд╛ рдЖрдЬ рдХрд╛ рджрд┐рди рдПрддрд┐рд╣рд╛рд╕рд┐рдХ рдЧрд╛рдВрдзреА рдЧреЛрдбрд╕реЗ рдЧреЛрдкрд╛рд▓
Huma Ahmad,"#Jamia #ArrestAnuragThakur
рдЖрдЬ рдЬрд╛рдорд┐рдпрд╛ рдореЗрдВ CAA рдХреЗ рдЦрд┐рд▓рд╛рдл рд╡рд┐рд░реЛрдз рдХрд░ рд░рд╣реЗ рдЫрд╛рддреНрд░реЛрдВ рдкрд░ рдПрдХ рд╕рдирдХреА рд╡реНрдпрдХреНрддрд┐ рдиреЗ рдмреАрдЬреЗрдкреА рдиреЗрддрд╛ рдЕрдиреБрд░рд╛рдЧтАж https://t.co/QNDo0YSwfe"
Coronaviruse,@PaasoonOfficial You think your are telling truth but you know deep down that you are lying. Why Imran Khan tweetedтАж https://t.co/isPrEMD2Eu
Reporter Anchal YadavЁЯЗоЁЯЗ│,"рдФрд░ рдорд╛рдВрдЧреЛ рдЖрдЬрд╛рджреА

рджреЗрдЦреЛ рдорд┐рд▓ рдЧрдпреА рдЖрдЬрд╛рджреА

рдХреБрдЫ рджреЗрд░ рдХреЗ рд▓рд┐рдП рд╣реА рд╕рд╣реА рджрд┐рд▓реНрд▓реА рд╡рд╛рд▓реЛрдВ рдХреЛ рдкреНрд░реЛрдЯреЗрд╕реНрдЯ рдХрд░рдиреЗ рд╡рд╛рд▓реЛ рд╕реЗ рдорд┐рд▓реА рдЖрдЬрд╝рд╛рджреАредтАж https://t.co/Sr6iwbdQvX"
рдорд╛рдирд╡реЗрдиреНрджреНрд░ рд╕рд┐рдВрд╣ рд╕реЗрдВрдЧрд░ЁЯЗоЁЯЗ│,@SanjayAzadSln @ArvindKejriwal рдЬрд░рд╛ рд╕реБрдирдирд╛ рд╕рд╛рд╣рдм рдЖрдк рд▓реЛрдЧ рдореБрдЭреЗ рдЖрдкрдХреА 200 рдпреВрдирд┐рдЯ рдлреНрд░реА рд╡рд╛рд▓реА рдмрд┐рдЬрд▓реА рдирд╣реА рдЪрд╛рд╣рд┐рдП 370 рдФрд░ CAA рд╡рд╛рд▓реАтАж https://t.co/z6TpLFRrzN
Arif Shaik,The amendment to CAA is discriminatory in nature. The world sees it  #WorldAgainstCAA_NRC_NPR
Ippodhu,"роХрпЛроЯрпНроЪрпЗро╡рпБроорпН, роорпЛроЯро┐ропрпБроорпН роТро░рпЗ роХрпКро│рпНроХрпИропрпБроЯрпИропро╡ро░рпНроХро│рпН : роХрпБроЯро┐ропрпБро░ро┐роорпИ родро┐ро░рпБродрпНрод роЪроЯрпНроЯродрпНродрпБроХрпНроХрпБ роОродро┐ро░ро╛рой рокрпЛро░ро╛роЯрпНроЯродрпНродро┐ро▓рпН ро░ро╛роХрпБро▓рпН роХро╛роирпНродро┐тАж https://t.co/xXlk6Mk0bw"
Rakesh K Singh рд░рд╛рдХреЗрд╢ рдХреБрдорд╛рд░ рд╕рд┐рдВрд╣,"Gun-Wielding Man Shoots Jamia Student at Anti-CAA Rally, Shouts 'Jai Shri Ram, Yeh Lo Azadi' Slogans https://t.co/s5paGyugki"
Imroze,Sahib would b very proud today... #jamiafiring #CAA_NRCProtests
Umesh Patel,Let's supported CAA and NRC https://t.co/7UQQAbT5iU
Gujarat Samachar,"ркпрлБрк░рлЛрккрк┐ркпрки ркпрлБркирк┐ркпркиркирлА ркЖ ркорк╣рк┐рк▓рк╛ рк╕рк╛ркВрк╕ркжрлЗ ркнрк╛рк░ркдркирлА ркдрк░рклрлЗркгркорк╛ркВ ркХрк░рлА ркЬрлЛрк░ркжрк╛рк░ ркжрк▓рлАрк▓рлЛ 
#EuropeanParliament #CAA #HelenaDalliтАж https://t.co/tvRgm4sd03"
Syed Meraj Ali ┘Е╪╣╪▒╪з╪м ╪╣┘Д█М,https://t.co/01LMGdo5G7
Kaustubh Chandra,"@RahulGandhi teaching us how to be a Gandhi in the time of Godse bhakts, leading by example тЭдя╕П

#kunalkamraтАж https://t.co/qrkJGIKhfH"
Neha,Godi Media labelled Terr*rist Gopal as Anti CAA protestor before Delhi police had done their investigationтАж https://t.co/xAk5Mj8ICY
harsh_photosensitive,"@zafarsareshwala Sir it is not about #CAA_NRC 
It is something else
Haven't you heard the slogans at #ShaheenBaghProtests"
Arunima Pandey Mishra,"@Zaheen110 @narendramodi @Anurag_Office @DelhiPolice рдЬреЛ рддрд░реНрдХ рдХрд░рдирд╛ рдирд╣реАрдВ рдЬрд╛рдирддреЗ, рдмрд▓реНрдХрд┐ рддрд░реНрдХ рд╕реЗ рдирдлрд╝рд░рдд рдХрд░рддреЗ рд╣реИрдВ, рдЙрдирдХрд╛ рдЧреЛтАж https://t.co/beO06uXGnX"
Aazad Bh─Бratiya,"Bengal: TMC leader Tahiruddin Opens Fire At The Protesters In An Anti-CAA Rally, Killing Two People https://t.co/5LSjec6h9m via @swarajyamag"
Zorba,"@DelhiPolice , sharam aati hai? рдХрд╣рд╛рдВ рдЖрддреА рд╣реЛрдЧреА, рдкреБрд░рд╛рдиреЗ рдмреЗрд╢рд░рдо рд╣реЛ рддреБрдо рд▓реЛрдЧред

#рдЬрд╛рдорд┐рдпрд╛ #JamiaProtests
#JamiaViolence #CAA_NRCProtests"
ny_999,"@ndtv At first I thought this guy was #DelhiPolice  new commissioner, then I saw the news that the commissioner tenтАж https://t.co/aMvModRwbc"
Naseem Ali,State sponsored hindu terrorist - Gopal firing a shot at innocent students protesting against CAA at Jamia in Delhi. https://t.co/kOA4rRKIiQ
Mohammed ZainuAbedin,"India's new Nathuram Godse saying, ""Yeh lo azaadi...Jai Shri Ram...Delhi Police zindabad.""
Fired against Anti CAA PтАж https://t.co/qya58jpHYc"
Harry Potter,"@umashankarsingh @ajitanjum This man was part of the student mob

Why didn't he fire when he was part of mob ?
He wтАж https://t.co/LMVWELH8bI"
alok raj,"@NehaErina @Vivekma51127911 N so illogical n biased u r, just saw the news n started condemning those who r in favoтАж https://t.co/hHZnjmXIB8"
Calling All Astronauts,"David CAA is on Facebook, if you'd like to be friends please follow this link https://t.co/OoTa6Q6q8l"
National News,Gunman fires at anti-CAA protest rally in Delhi | News National┬аNews https://t.co/bJIAGt2qLb https://t.co/ymgHpYbpm6
Andika,@adindacacabila Done caa
Careers360,"In front of dozens of Delhi Police personnel, man shoots at students protesting against CAA 
at Jamia Millia IslamiтАж https://t.co/gDgMgjpsEO"
sushil Meena,"@sudhirchaudhary IF Union Ministers from the stage chants ""рдЧреЛрд▓реА рдорд╛рд░реЛ""
Then Result is here ..
Before they killedтАж https://t.co/LdRDCkQBCq"
IndiaTomorrow.net,@Ansari___07 @30guptavivek @PJkanojia @007AliSohrab @aimim_national @AcharyaPramodk @anuragkashyap72 @AshrafFemтАж https://t.co/yig9Nf6Skr
blackSWAN,@NAN_DINI_ Glad EU acknowledged that CAA has been passed after the due process. Btw. all the western nations have sтАж https://t.co/daEeVCi2Ib
Dev Desai,"https://t.co/fbJSWJWidX
#jamiafiring 
#JamiaMilliaIslamia 
#jamiaprotests 
#NRC_CAA_Protest 
#nrc_caa_npr_protest 
#NRC_CAA"
cak aahh,@biobeuyu Aku virgo caa :(((
Neetika Mahindrakar,@Andycule_ @GoofyOlives @BhataktaTweet @dharmicverangna @ru_mansh @Ana_mika2 @Tapasyasin @Hindustaan_MeraтАж https://t.co/FRMO81kfrB
IndiaTomorrow.net,@KrisNair1 https://t.co/G6hhZr6yOx
ABDUL ZAMEER SHIMOGA,#р▓Ер▓Вр▓жр│Б р▓Чр▓╛р▓Вр▓зр│Ар▓Ьр▓┐р▓пр▓ир│Нр▓и р▓Хр│Кр▓Вр▓жр▓Вр▓др▓╣ р▓ор▓╛р▓ир│Кр▓╕р│Нр▓ер▓┐р▓др▓┐р▓Чр▓│р│Ж р▓Зр▓Вр▓жр│Б р▓Ьр▓╛р▓ор│Ар▓пр▓╛р▓жр▓▓р│Нр▓▓р▓┐ р▓Чр│Бр▓Вр▓бр│Б р▓╣р▓╛р▓░р▓┐р▓╕р▓┐р▓жр▓╛р▓░р│Ж* р▓Ер▓Вр▓жр│В р▓╕р▓╣ р▓ир▓ор│Нр▓о р▓жр│Зр▓╢р▓ж р▓лр│Лр▓▓р▓┐р▓╕р▓░р│Б р▓ир▓┐р▓Гр▓др│Б р▓Хр│Кр▓Вр▓бр│Ж р▓ир│ЛтАж https://t.co/o3utod0HfP
skanda,@MirchiSayema Ye toh aap jyesa liberals hi karwarahe didi.  Jaise aap logo ne JNU khand kiya. Kaha hey apki aysheeтАж https://t.co/oxKnqq6EDB
Neelam Pandey,SAD leader and president of DSGMC тБж@mssirsaтБй tells me in an interview: тАЬnothing wrong in statements like тАШDesh ke gтАж https://t.co/giEiZvzu1t
ny_999,"At first I thought this guy was #DelhiPolice  new commissioner, then I saw the news that the commissioner tenure haтАж https://t.co/6WfzIA6WvB"
mukesh kumar,"@sambitswaraj 
ЁЯЩП I support CAA"
"Arthur, o Carvalho","Eu sabia que 2020 ia ter 366 dias, s├│ n├гo sabia que ia ser tudo em janeiro"
"Nandakishore-р░бр▒Б, N","@BDUTT So, brandishing the gun at somebody is OK, as  long as the one brandishing it is a BigotedJokeParty supporteтАж https://t.co/WybTkdxyHo"
Arif Shaik,Fellow Indians its now or never. CAA NRC NPR is against the constitution  #WorldAgainstCAA_NRC_NPR
venkat,@INCIndia We can expect Scamgress election tactics will still become worse as they did not get much advantage by CAA Protest.
IndiaTomorrow.net,@rehangulamahmed https://t.co/G6hhZr6yOx
Sayeed Ahmed,@gr_eternity @Anil82302640 @naukarshah They give reason persecuted by religion in these countryтАЩs the reality is AhтАж https://t.co/Fw7mGhbNvA
APARNA,"рдЕрдм рддреЛ рдпрд╣ рд╕реНрдкрд╖реНрдЯ рд╣реИ CAA рдпрд╛ NRC рд╡рд┐рд░реЛрдз рдХреЗрд╡рд▓ рдореЛрджреА рдФрд░ рдмреАрдЬреЗрдкреА рд╡рд┐рд░реЛрдз рд╣реИ,рд╕реБрдкреНрд░реАрдо рдХреЛрд░реНрдЯ рдЖрдкрдХреА рд░рд╛рдЬрдиреАрддрд┐рдХ рд╣рд╛рд░ рдХреЛ рдЬреАрдд рдореЗрдВ рдирд╣реАрдВ рдмрджтАж https://t.co/TiYRsmLBbI"
Love Chowkidar,@IndiaToday https://t.co/pcdCZcpppA
рдмрд┐рдЧрдбрд╝реЗрд▓ рджреЗрд╢рднрдХреНрдд 11.4KЁЯТп FB,"рд╣рд┐рдВрджреВ рд╢рд░рдгрд╛рд░реНрдереА рдиреЗ рдЕрдкрдиреА рдмреЗрдЯреА рдХрд╛ рдирд╛рдо 'рдирд╛рдЧрд░рд┐рдХрддрд╛' рд░рдЦрд╛,

CAA рд╡рд┐рд░реЛрдзреА рдЕрдкрдиреЗ рдкреБрддреНрд░ рдХрд╛ рдирд╛рдо 'рдШреБрд╕рдкреИрдард┐рдпрд╛' рд░рдЦрдХрд░ рдХрд░рд╛рд░рд╛ рдЬрд╡рд╛рдм рджреЗ рд╕рдХрддреЗ рд╣реИрдВред
ЁЯШЭЁЯШЭ"
Aakash (Double Aey Kay Aye Ess Ech),"@rachitst @Amitraghat2 @acorn Pens for sale will remember everything, but won't remember folks killed and assaultedтАж https://t.co/HkgPXz7UVi"
Frank,"@BarackObama
@AOC @BernieSanders
@Trevornoah
@hasanminhaj @UN
@mehdirhasan

https://t.co/0nTjxiOz2R https://t.co/APSqAgiAix"
IndiaTomorrow.net,@Rohit640698 https://t.co/G6hhZr6yOx
sushil Meena,"IF Union Ministers from the stage chants ""рдЧреЛрд▓реА рдорд╛рд░реЛ""
Then Result is here ..
Before they killed #Gandhi ji,
Today thтАж https://t.co/Lu7yZOB7z0"
Mishra ji ki beti nation firstЁЯТУЁЯЗоЁЯЗ│,#CAA_NRC #CAA2019 #CAA_NRC_NPR https://t.co/lNSDTXQ5Qt
ASABE SHEHU YAR'ADUA,Gunman fires at anti-CAA protest rally in┬аDelhi https://t.co/YolRJC4kHL https://t.co/po0yUeo7LD
Jeswin P Thomas,"@manoj25121974 @ashokhajeri @BJP4India @INCIndia I can't accept CAA because, р┤Ер┤др┤┐р╡╜ ""People who suffering religious rтАж https://t.co/XvAkJmLieC"
Al Jazeera English,Gunman fires at demonstrators at a protest rally against India's new citizenship law in DelhiтАж https://t.co/QaKpvTW3y4
ЁЯЗоЁЯЗ│ Indrani_se_nani ЁЯЗоЁЯЗ│,"рдЧреЛрдбрд╕реЗ рдЬрд┐рдВрджрд╛ рд╣реИ рд╣рдорд╛рд░реЗ рджрд┐рд▓реЛрдВ рдореЗ ЁЯШНЁЯШНЁЯЩП
рдкрд░ рддреБрдореНрд╣рд╛рд░реЗ рдореЗ рддреЛ kasab, рд▓рд╛рджреЗрди, рдЕрдлрдЬрд▓ рдЧреБрд░реБ,
Haifz said, MasoodAzhar, рдПрд╣рд╕рд╛рди dar etcтАж https://t.co/PS1gsAJrwA"
IndiaTomorrow.net,@Nehr_who @sudhirchaudhary https://t.co/G6hhZr6yOx
Abaji kadam,@ArvindKejriwal рдФрд░ рдЬреЛ рд╕рд╡рд╛рд▓ рд╕реЗрдирд╛ рдХреЗ рдкрд░рд╛рдХреНрд░рдо рдкреЗ рдЙрдард╛рдпреЗ рд╕рд░реНрдЬрд┐рдХрд▓ рд╕реНрдЯреНрд░реЙрдВрдИрдХ рдХреЗ рд╕рдмреБрдд рдорд╛рдВрдЧреЗ рдФрд░ рд░рд╛рд╢рди рдХрд╛рд░реНрдб рдХреЗ рдмрджрд▓реЗ рдореЗ рдорд╣рд┐рд▓рд╛тАж https://t.co/o03KKwv2Kg
thakursahab,"Let us not waste words on this one, every minister &amp; leader of the ""Goli Maaro Gaddaron Ko"" brigade, the party chieтАж https://t.co/zOJh8mzBAt"
Gyanendra Singh,"@rahulkanwal Dear Rahul
Do they know the meaning of CAA?
Do they know that NRC for Assam only and it is not applied any where in India?"
Viрд░реБ,"рдордд рдХрд░ рдЪрд┐рдВрддрд╛ рдЖрд▓реВ-рдкреНрдпрд╛рдЬ рдХреА рдХрд▓ рд╕рд╕реНрддреА рд╣реЛ рдЬрд╛рдпреЗрдЧреА, рд▓реЗрдХрд┐рди CAA, NRC рдХрд╛ рд╕рдкреЛрд░реНрдЯ рдирд╣реАрдВ рдХрд┐рдпрд╛ рддреЛ рддреБрдореНрд╣рд╛рд░реЗ рдШрд░ рдХреЗ рдЖрд╕ рдкрд╛рд╕ рд░реЛрд╣рд┐рдВрдЧреНрдпрд╛ рдХреА рдмрд╕реНрддреА рдмрди рдЬрд╛рдпреЗрдЧреА.."
IndiaTomorrow.net,@Journo_Z https://t.co/G6hhZr6yOx
Meher Naushad,"#NathuramGodse returns
https://t.co/supIOvZA0F"
Devendra рд╣рд┐рдиреНрджреВ,"рдЬреЛ рд╕реБрд░рддреА рд▓реЛрдЧреЛ рдиреЗ рдХрд┐рдпрд╛ рд╡реЛрд╣ рд╕рд╛рд░реЗ рджреЗрд╢ рдХреЛ рдХрд░рдирд╛ рдЪрд╛рд╣рд┐рдП рдлрд┐рд░ рдпреЗ CAA, NRC рд╕рдм рдорд╛рдиреЗрдЧреЗ ЁЯЩПЁЯЩПЁЯЩП

 @Payal_Rohatgi @shuklapinkuтАж https://t.co/3cW2hyT4Sg"
IndiaTomorrow.net,@Nehr_who https://t.co/G6hhZr6yOx
Yahya,@BDUTT IтАЩve heard those slogans in pro CAA rallies.
Parth Mehrotra,REAL MUSLIMS SUPPORT CAA NRC NPR . #Jamia
Love Chowkidar,@Muralik79739498 @NaMo_Phani https://t.co/5WW0Jf5ROV
IndiaTomorrow.net,@mobirolla @Shehla_Rashid @AmitShah @narendramodi @ianuragthakur https://t.co/G6hhZr6yOx
HuffPost India,"The #Jamia incident comes just days after BJP leader Anurag Thakur, now banned from campaigning for 72 hours, raiseтАж https://t.co/7sU3PDXXZO"
Amit,@StuteeMishra i know.. fake propaganda against CAA brought 100s of mullas on the streets burning public property anтАж https://t.co/9fwdbJzpiJ
рдСрдкрдЗрдВрдбрд┐рдпрд╛,"Video: рдЬрд╛рдорд┐рдпрд╛-рд░рд╛рдЬрдШрд╛рдЯ рдорд╛рд░реНрдЪ рдХреЗ рджреМрд░рд╛рди рдПрдХ рдпреБрд╡рдХ рдиреЗ рд▓рд╣рд░рд╛рдИ рдкрд┐рд╕реНрддреМрд▓, рдлрд╛рдпрд░рд┐рдВрдЧ рдореЗрдВ рдПрдХ рдШрд╛рдпрд▓

#JamiaGunViolence

https://t.co/nUDpv2lg07"
Office of Dr. Jitendra Awhad,"рд╕рд╛рдореАрд▓ рд╡реНрд╣рд╛!

рдЪрд▓реЛ рд╕рд╛рд░рд╕рдмрд╛рдЧред рдЪрд▓реЛ рд╕рд╛рд░рд╕рдмрд╛рдЧредред
рд╣рдЬрд╛рд░реЛрдВ рдХреА рддрд╛рджрд╛рдж рдореЗрдВ рдЪрд▓реЛ рд╕рд╛рд░рд╕рдмрд╛рдЧред

тЬКЁЯП╛ NPR-NRC-CAA рд╡рд┐рд░реЛрдзреА рдорд╣рд╛рд╕рднрд╛ тЬКЁЯП╛
рдЧрд╛рдВрдзреА рдХрд╛тАж https://t.co/cljJlaZcur"
Bharathi Nathan,"роЬро╛рооро┐ропро╛ рооро┐ро▓рпНро▓ро┐ропро╛ рокро▓рпНроХро▓рпИроХрпНроХро┤роХродрпНродро┐ро▓рпН
роХро╛роирпНродро┐ роиро┐ройрпИро╡рпБ родро┐ройрооро╛рой роЗройрпНро▒рпБ #CAA_NRC роХрпНроХрпБ роОродро┐ро░ро╛роХ рокрпЛро░ро╛роЯрпНроЯродрпНродро┐ро▓рпН роИроЯрпБрокроЯрпНроЯрпБ ро╡ро░рпБроорпН   рооро╛тАж https://t.co/7smXUoWE9B"
True,"тАШржЗржпрж╝рзЗ рж▓рзЛ ржЖржЬрж╛ржжрж┐тАЩ, ржЬрж╛ржорж┐ржпрж╝рж╛рж░ ржмрж╛ржЗрж░рзЗ рж╕рж┐ржПржП ржмрж┐рж░рзЛржзрзА ржорж┐ржЫрж┐рж▓рзЗ ржЧрзБрж▓рж┐ ржпрзБржмржХрзЗрж░ https://t.co/Xuk8bx7XGf"
Akram Azad ЁЯТп%FB,"@RoflGandhi_ @jagarwad_deepak рдЬрд╛рдорд┐рдпрд╛ рдпреВрдирд┐рд╡рд░реНрд╕рд┐рдЯреА рдХреЗ рдкрд╛рд╕ рд╣реЛ рд░рд╣реЗ CAA рдХреЗ рдЦрд┐рд▓рд╛рдл рдкреНрд░рджрд░реНрд╢рди рдореЗрдВ рдмрдВрджреВрдХ рд▓реЗрдХрд░ рдШреБрд╕рд╛ рдпреБрд╡рдХ, рдлрд╛рдптАж https://t.co/WCqWxJqU7e"
ly khan,European Parliament puts off vote on anti-CAA resolution https://t.co/lt1F8c8meo via @timesofindia
Avinash Pandey,"When a sitting minister of union council openly says ""Goli Maaro Saalon Ko""..... here is the outcome !!
Be aware...тАж https://t.co/Bkk4MqYjhx"
Sumit Verma,@fayedsouza @DelhiPolice It does not matter whether the rally is pro CAA or anti CAA. The police should have done tтАж https://t.co/02fnQWkPM4
Karan Anand рдХрд░рди рдЖрдирдВрдж ┌й╪з╪▒╪з┘Ж ╪в┘Ж┘Ж╪п,I feel @ArvindKejriwal should request all the anti CAA protests in Delhi to be put on hold till 11 Feb. Central govтАж https://t.co/B3WdD07fMJ
Ismail ╪з╪│┘Е╪з╪╣█М┘ДЁЯЗоЁЯЗ│ рд╣рд┐рдВрджреБрд╕реНрддрд╛рдиреА тЖЩя╕П,"рддрдмрд░реЗрдЬ рдХреЛ рджреА рдЖрдЬрд╛рджреА
рдЖ рд▓реЗ рд▓реЛрдВ рддреБрдо рднреА рдЖрдЬрд╛рджреА
рдареЛрдХ рдХрд░ рджреЗрдВрдЧреЗ рдЖрдЬрд╛рджреА 
рджреЗрд╢ рдХреЗ рдЧрджреНрджрд╛рд░реЛрдВ рдХреЛ рдЧреЛрд▓реА рдорд╛рд░реЛ рдЬреЗрд╕реЗ рдирд╛рд░реЗ
рдкреБрд░реЗ рджреЗрд╢ рдореЗрдВ рдмреАтАж https://t.co/L0jNbiB6Xo"
Umesh Patel,Let's supported CAA and NRC https://t.co/7G8dSuByd6
Hum Dekhengee,"Aap chronology samajhiyee

Pehle CAA.. GIVE citizenship to all except Muslims... Mostly hindus

Then NRC remove pooтАж https://t.co/GZ3Jjw4kkF"
Via Negativa,"The actual experiment of ""Desh ke gaddaron to Goli Maari saalin Ko"" has started. #Jamia #ShaheenBaghProtestsтАж https://t.co/buob5ijoS9"
manish,@SreenivasanJain @soniandtv seems to be a drama created by anti-CAA ....Why some body who is BJP supporter or CAA sтАж https://t.co/7VMDDH26bb
Nadir Rizvi,@gunjan1424 @SirJadeja Tujhae kaagaz lekr bhi kya fayda tu is country ka ni bhi hua to CAA tmhe apna bna lega hme pтАж https://t.co/sqADlvgzrX
SAMIR BARIK,@rahulroushan Funny Jock's...kudrat see bolo CAA-NRC-NPR ...Manne ke liye ....nehi to bahat mahanga parega.
Republic,"PM Modi says govt ready to discuss all issues; oppn talks of anti-CAA protests, 'worsening' economy https://t.co/tpnRlJ6Jk0"
The observant Man,@ThePeopleOfIN This is scariest video ever. The reason people are in support of CAA is because of this kind of videтАж https://t.co/7kjkscDbSl
Call Me VillainЁЯЗоЁЯЗ│ЁЯЪй,"""рдЧреЛрд▓реА рдорд╛рд░реЛ рд╕рд╛рд▓реЛ рдХреЛ"" рдЧрдВрднреАрд░рддрд╛ рд╕реЗ рд▓реЗрдиреЗ рд╡рд╛рд▓реЗ рдЧреЛрдкрд╛рд▓ рднрд╛рдИ рдХреЛ рд╕рд╛рдзреБрд╡рд╛рдж, Gopal рдХрд╛ Shadab рдХреЛ рдЖрдЬрд╝рд╛рджреА рджреЗрдиреЗ рдореЗрдВ рд╣реБрдИ рдЪреВрдХ рдХреА рдХрдбрд╝реАтАж https://t.co/qamAo2Ais7"
shambhu,"@RanaAyyub рдХрд╛рд╢  1947 рдореЗрдВ рддреБрдо рдХрдЪрдбрд╝реЗ рдкрд░ рджреЗрд╢ рджрдпрд╛ рдирд╣реАрдВ рджрд┐рдЦрд╛рдИ рд╣реЛрддреА  , рд╢рд╛рдпрдж рдХреЛрдИ  рдЗрд╕реНрд▓рд╛рдорд┐рдХ рдЖрддрдВрдХрд╡рд╛рджреА рд╕рдВрдЧрдарди рдирд╣реАрдВ рд╣реЛрддрд╛ рдФрд░ рди CтАж https://t.co/7ZiljVQUSb"
Tejpal Rawat(ZEE NEWS),"#NirbhayaCase / рджреЛрд╖реА рдЕрдХреНрд╖рдп рдХреА рдХреНрдпреВрд░реЗрдЯрд┐рд╡ рдпрд╛рдЪрд┐рдХрд╛ #SupremeCourt рдиреЗ рдЦрд╛рд░рд┐рдЬ рдХреА
рдлрд╛рдВрд╕реА рдХреА рд╕рдЬрд╝рд╛ рд╕реЗ рдЕрдХреНрд╖рдп рдХреЛ рдирд╣реАрдВ рд░рд╛рд╣рддтАж https://t.co/w5SgrDzqcf"
Shah Ali (рд╢рд╛рд╣ рдЕрд▓реА) (╪┤╪з█Б ╪╣┘Д█М),"@ShayarImran @shahidalidar_ #European_union_against_CAA_NRC 
#рдЧреЛрдкрд╛рд▓_рд╣рд┐рдВрджреБрддреНрд╡рдЖрддрдВрдХрд╡рд╛рджреА
#TerroristAttackOnJamiaStudents"
Vakil Malik,BJP KE ANURAG THAKUR AAP KA KAAM POORA HOGAYE MUBARAK HO LEKIN HAM AAJ BHI CAA KA VEROD KARTE HAI AUR KARTE RAHEGE
Shairee Malhotra,@AartiTikoo @DrSJaishankar @MEAIndia Given the increased Indian interest in the @EU following a proposed resolutionтАж https://t.co/JEa7SDgxs2
"""YoviтБ╖""",@kukikoko97 Soree caa
Satish Kumar,"@priyankac19 рдЬрд╛рдорд┐рдпрд╛-рдкреНрд░реЛрдЯреЗрд╕реНрдЯ рдХреЗ рджреМрд░рд╛рди рдПрдХ рд╡реНрдпрдХреНрддрд┐ рджреНрд╡рд╛рд░рд╛ рд╣рд╛рдереЛрдВ рдореЗрдВ рдкрд┐рд╕реНрдЯрд▓ рд▓реЗрдХрд░ ""рдЬрдп рд╢реНрд░реА рд░рд╛рдо"" рдФрд░ ""рд╡рдВрджреЗ рдорд╛рддрд░рдо"" рдХрд╛ рдирд╛тАж https://t.co/pS1ZeywKMm"
Saffronist Indian,@NavroopSingh_ @iMac_too @rahulroushan Even if it is pushed to us we don't need to be defensive or apologetic. OurтАж https://t.co/CTSUeveqMW
I_Support_Ambedkar,"#ShaheenBaghProtests

They are not protesting against CAA and NRC. It is their builtin hatred for Hindus manifestinтАж https://t.co/1CV3bfYFIF"
Abraham Lincoln,"Anurag Thakur ke statement ko Gopal ne Seriously le liya
Khair chalo khauf to banega 
#jamiafiring #MahatmaGandhiтАж https://t.co/gSEoeqqyHF"
Amit Parikh,@NTanjore @NarayanannairPv @ShashiTharoor Why any school authority has to involve school children for their protestтАж https://t.co/GinDb6gkVg
Chirag Mediratta,"Bapu ki ladai firangi se, humari ladai #Sanghi se. 

#ShaheenBaghProtests #Bapuji #Delhi #JamiaViolenceтАж https://t.co/OylZje4p9v"
JN Kaushik,"@RamsaMeena @ihansraj Jihadi, is ke Jimmewar hai !
CAA ke Virodh me Dharna-Pradarshan, Violent Protests Sab fail hoтАж https://t.co/rUuPWlrTpF"
Parth Mehrotra,REAL MUSLIMS SUPPORT CAA NRC NPR #Jamia
Indranil,@priyankac19 No comments on Killings of Pro CAA supporter's by anti CAA supporter's in Jharkhand and Bengal? Selective outrage?
ЁЯР│,@jeonggouk Lebih dari sekilo kurang dari 2kg caa
daha,ckoi caa https://t.co/zoeI54GwTM
Ajmal | р┤Ер┤Ьр╡Нр┤ор╡╜ | ╪з╪м┘Е┘Д,"Chronology:-

1 Passed CAA - official division of communities
2 Chief demarcated people by dress
3 Police barged inтАж https://t.co/7WB8gnJZTk"
Arif Moosa,"European union passed resolution against CAA NRC, a very popular democracy become unpopular today."
@l-Miher Khan,"рдИрдпреВ рдореЗрдВ рд╕реАрдПрдП рдХреЗ рдЦрд┐рд▓рд╛рдл рдкреНрд░рд╕реНрддрд╛рд╡ рд░рдЦрд╛ рд╣реА рдХреНрдпреЛрдВ рдЧрдпрд╛, рд╕рд┐рдмреНрдмрд▓ рдХрд╛ рд╕рд░рдХрд╛рд░ рд╕реЗ рд╕рд╡рд╛рд▓ https://t.co/oZuO5lPwpn"
RC Shukl,рдЬрд╛рдорд┐рдпрд╛ рдореЗрдВ рдЧреЛрд▓реА рдЪрд▓рд╛рдиреЗ рд╡рд╛рд▓реЗ рд╢рдЦрд╝реНрд╕ рдХрд╛ рдирд╛рдо рдЧреЛрдкрд╛рд▓ рд╣реИред рдЬрд╝реЗрд╡рд░ рдХреЗ рд░рд╣рдиреЗ рд╡рд╛рд▓реЗ рдЗрд╕ рд▓рдбрд╝рдХреЗ рдиреЗ рдлрд╝реЗрд╕рдмреБрдХ рдкрд░ рдЕрдкрдирд╛ рдирд╛рдо рд░рд╛рдорднрдХреНрдд рдЧреЛрдкрд╛рд▓тАж https://t.co/7OLg3nEQHW
Sayeed Ahmed,@gr_eternity @Anil82302640 @naukarshah So simply present government saving those 16 lakhs people in NRC. ThatтАЩs whyтАж https://t.co/sLsWluhCAM
Saeed,"#DelhiPolice is in nexus with with this new #NathuramGodse 
The police was just sight seeing while theтАж https://t.co/ylJqKIok81"
Amit Srivastava,@sudhirchaudhary рдЕрдЧрд░ рд╕рд┐рд░реНрдл #ShaheenBagh рдкрд░ рдкрд╣реБрдВрдЪ рдЬрд╛рдиреЗ рдХреЛ рд╣реА #Breaking_News рдХреА рддрд░рд╣ рджрд┐рдЦрд╛рдпрд╛ рдЬрд╛рдпреЗ рддреЛ рдХреБрдЫ рддреЛ рдмрд╛рдд рд╣реИред рдФрд░тАж https://t.co/hcPOqvhzPe
Call Me VillainЁЯЗоЁЯЗ│ЁЯЪй,"@vivekagnihotri ""рдЧреЛрд▓реА рдорд╛рд░реЛ рд╕рд╛рд▓реЛ рдХреЛ"" рдЧрдВрднреАрд░рддрд╛ рд╕реЗ рд▓реЗрдиреЗ рд╡рд╛рд▓реЗ рдЧреЛрдкрд╛рд▓ рднрд╛рдИ рдХреЛ рд╕рд╛рдзреБрд╡рд╛рдж, рдЧреЛрдкрд╛рд▓ рдХрд╛ рд╢рд╛рд╣рджрд╛рдм рдХреЛ рдЖрдЬрд╝рд╛рджреА рджреЗрдиреЗ рдореЗрдВтАж https://t.co/XE25t9mPVI"
Zuber's own.,"Now , Its the time
When truth called lie 
                Or
And lie called truth .
Unexpected pic of indian policeтАж https://t.co/RkFstWzpC0"
Ravi Ranjan Shukla,"@RajTiwa56444261 @rajeshchbjp рдорд╣рд╛рддреНрдорд╛ рдмрдирдиреЗ рдХреЗ рдЪрдХреНрдХрд░ рд╡рд░реНрддрдорд╛рди рд╡ рднрд╡рд┐рд╖реНрдп рдореЗрдВ рдХреЛрдИ рднреА #gandhiji рд╡рд╛рд▓реА рдЧрд▓рддреА рдирд╛ рдХрд░реЗ...

рджреБрдмрд╛тАж https://t.co/xLHHNnK0xr"
Jaiswal AbhishekЁЯЗоЁЯЗ│,"Yes, CAA ya kisi bhi chij ka support aur virodh nhi karta kyu kiya use 

Haram k paise nhi aate, use apana kaam krnтАж https://t.co/JMXtmJU5Af"
рдЧреЛрдкрд╛рд▓ рднреЛрдЬрдХ,"рддреБрдо рдЧреЛрдбрд╕реЗ рдХреА рдкреВрдЬрд╛ рдХрд░рдирд╛, рд╣рдо #рдЧрд╛рдВрдзреА рдХреЛ рдЕрдкрдирд╛рдпреЗрдЧреЗрдВ...
#Gandhi 
#CAA_NRCProtests"
"ЁЯЗ╡ЁЯЗ╛ Amit Shah, Kolhapur, BharatЁЯЗ╡ЁЯЗ╛","@SKHalakhandi @weandgst Law makers i.e. @GST_Council  are busy in caa, budget, shamiya, jamiya, etc"
Nilesh Morbia,"@Mdzeeshanayyub CAA ka virodh karna hai to khud ki bharatiya nagrikta ka tyag karke kar shakte hai

Vande Mataram"
mohan john,CAA has been misunderstood by most and crooked minded politicians and media are utilising for their agenda to incubate.
DINESH CHAWLA,"#CitizenshipAct 
PM @narendramodi reminds Opposition of a Pakistani advertisement.

https://t.co/MMihbtI7ht https://t.co/VjWgeSPiX6"
ЁЯЗоЁЯЗ│ЁЯЗоЁЯЗ│ЁЯЗоЁЯЗ│ AADARSH JILKA ЁЯЗоЁЯЗ│ЁЯЗоЁЯЗ│ЁЯЗоЁЯЗ│,"'ркмркВркз'...ркПркХ ркжрк┐рк╡рк╕ рк╢рлБркВ ркХрк╛рко???
ркдрк╛ркХрк╛ркд рк╣рлЛркп ркдрлЛ рк░рк╛ркЦрлЛ
CAA ркжрлВрк░ ркирк╛ ркерк╛ркп ркдрлНркпрк╛ркВ рк╕рлБркзрлА..!"
Shah Ali (рд╢рд╛рд╣ рдЕрд▓реА) (╪┤╪з█Б ╪╣┘Д█М),"@RubikaLiyaquat #European_union_against_CAA_NRC 
#рдЧреЛрдкрд╛рд▓_рд╣рд┐рдВрджреБрддреНрд╡рдЖрддрдВрдХрд╡рд╛рджреА
#TerroristAttackOnJamiaStudents"
Dr. Sri Radhanath,@narendramodi -You claim you respect Mahatma Gandhi. Why has this lady been moving freely? Does she serve SEDITION?тАж https://t.co/h1ZOiQpYc5
ibrahimЁЯЗ╡ЁЯЗ░,"@AMITCHIMNANI2 India me jo hindu protest kar rahe hen caa k against wo kia talwar k zor pe kar rahe hen.jhootey,jhootey,jhootey."
Atif Khan,"Modi  ji  aur Amit sah рдЬрд╝рд░рд╛ assam рдореЗ рдЬрд╛рдХрд░ рд░реИрд▓реА рдХрд░рдХреЗ рджрд┐рдЦрд╛рдУ CAA рдФрд░ NRC рдХреЗ рд╕рдорд░реНрдерди рдореЗ рддреЛ рдкрддрд╛ рдЪрд▓реЗрдЧрд╛,..."
ALI SHAIKH,@Osamashaikhmba #We_Are_Gandhians #We_Are_Gandhians #We_Are_Gandhians #We_Are_Gandhians #рддреБрдо_рдХрд┐рддрдиреЗ_рдЧрд╛рдВрдзреА_рдорд╛рд░реЛрдЧреЗтАж https://t.co/hoh6HkWXty
Sunny Chandani,@JAYNANDANYADAV4 @ABPNews @DelhiPolice рдЙрди рдЬреЗрд╣рд╛рджрд┐рдпреЛрдВ рдХрд╛ рдХреНрдпрд╛ рдЬреЛ   Caa ka рд╡рд┐рд░реЛрджреНрдз рдХрд░ rhe рд╣реЗ
angryRam,@ANI Bhai mujhe iss #TapanBose ka mil gaya.. koi toh pahunchaa do pls... #CAA_NRC_Protests https://t.co/lssNRYWjLj
Humera F,"Spot the difference: Anti CAA/NRC protestors have the tricolour in their hands, they sing the national anthem, readтАж https://t.co/PRnTrxrNiI"
ARINDAM CHAKRABORTY,"@Ayaz_Ind @ANI If you are Indian, how does CAA affect you? It is not for Indian Nationals. Please read the copy and don't get misled."
Vishal Bhattacharji {Tyre Marks},CAA/NCR/NRP рдЦрд┐рдЪрдбрд╝реА рдХрд╛ рдХрд╛рдиреВрдиреА рдкрд╣рд▓реВ - рдЕрдЪреНрдЫреА рд╡реНрдпрд╛рдЦреНрдпрд╛ ЁЯСПЁЯП╝ЁЯСПЁЯП╝ЁЯШТ https://t.co/qyfKhmE5cd
DINESH CHAWLA,"Those communalising government steps like #CAA exposed, says PM @narendramodi and rightly so, because when it doesтАж https://t.co/ULHzYsACTN"
Shah Ali (рд╢рд╛рд╣ рдЕрд▓реА) (╪┤╪з█Б ╪╣┘Д█М),"@Troll_Ziddi @UsmanShaikh0 #European_union_against_CAA_NRC 
#рдЧреЛрдкрд╛рд▓_рд╣рд┐рдВрджреБрддреНрд╡рдЖрддрдВрдХрд╡рд╛рджреА
#TerroristAttackOnJamiaStudents"
Sudheesh_007,"Send 3 Chinese guys to Shaheen Bagh &amp; announce they have Corona virus.
All #anti_CAA nautanki virus will disappear !"
ALI SHAIKH,@kashaf3751 #We_Are_Gandhians #We_Are_Gandhians #We_Are_Gandhians #We_Are_Gandhians #рддреБрдо_рдХрд┐рддрдиреЗ_рдЧрд╛рдВрдзреА_рдорд╛рд░реЛрдЧреЗтАж https://t.co/9zzhcgXKJj
Padmanabhan Jaikumar,https://t.co/IGSAzhcIAd
S M Abbas ╪│ ┘Е ╪╣╪и┘С╪з╪│,"#CAA_NRCProtests
Bapu killers are roaming free not afraid of law
#GandhijisLastMoments
@FriedrichPieter @USCIRFтАж https://t.co/bIk5pP2qnu"
Nobin Sharma,"#Reject_Hindutva_goons !
#Reject_RSS
#Reject_BJP
#Reject_CAA
#Save_India 
#Save_Constitution https://t.co/NfcaAoHu1P"
utkarsh bhatt,@MohsinGour13 @Gubomaster @ANI bhai jisse denial mein rehne ki aadat ho usske liye har cheez galat hoti hai. CAA isтАж https://t.co/w4FkCdJ9Sx
Amit Kumar ABVP,"рдорд╣рд╛рддреНрдорд╛ рдмрдирдиреЗ рдХреЗ рдЪрдХреНрдХрд░ рд╡рд░реНрддрдорд╛рди рд╡ рднрд╡рд┐рд╖реНрдп рдореЗрдВ рдХреЛрдИ рднреА #gandhiji рд╡рд╛рд▓реА рдЧрд▓рддреА рдирд╛ рдХрд░реЗ...

рджреБрдмрд╛рд░рд╛ рдЕрдЧрд▓реА рдкреАрдврд╝реА рдХреЛ #CAA рди рд▓рд╛рдирд╛ рдктАж https://t.co/Igeq7XvlJP"
.,@SurrealZak What about bengal atrocities and anti caa atrocities ЁЯдг
Parth Mehrotra,#Jamia desh valo k against mat jao..MUSLIMS SUPPORT CAA NRC NPR
Shaikh Huzaifa,"|я┐гя┐гя┐гя┐гя┐гя┐гя┐гя┐гя┐гя┐гя┐г|  
|  #ArrestAnuragThakur   |
|________________________|
               \ (тАвтЧбтАв) / 
                 \тАж https://t.co/PuTTuq2of0"
рднрд╛рд░рдд рдкреБрдирд░реБрддреНрдерд╛рди  Bharata Punarutthana,"Gun-Wielding Man Shoots Jamia Student at Anti-CAA Rally, Shouts 'Jai Shri Ram, Yeh Lo Azadi' SlogansтАж https://t.co/x6KJYinM4I"
Junaiz Mohammed,People have started taking Union Minister @ianuragthakurтАЩs words literally. Arrest #AnuragThakur for provoking people. #JamiaFiring #CAA
Love Chowkidar,"how many times these people condemned incidents like this

https://t.co/b5abup7TwO https://t.co/YiZQoECtWA"
Richard Paul,A man is shouting pro #CAA #NRC slogans at #Jamia while showing a gun to the students on the day ourтАж https://t.co/stg4hcr022
BHUPELLYSRIDHAR,"Shri Rahul Gandhi leads the  #SaveTheConstitution march against the unconstitutional CAA &amp; NRC in Kalpetta, WayanadтАж https://t.co/1cRZfNAe9L"
Mohsin Ansari,"╪м╪з┘Е╪╣█Б ╪╣┘Д╪з┘В█Т ┘Е█М┌║ ╪│█М ╪з█Т ╪з█Т ┘╛╪▒┘И╪│┘╣ ┌й█Т ╪п┘И╪▒╪з┘Ж ┘Е╪╕╪з█Б╪▒█М┘Ж ┘╛╪▒ ┘Б╪з╪ж█М╪▒┘Ж┌п█Ф█Ф
┘Д┘И┌п┘И┌║ ╪│█Т ┌й█Б╪з ┌п█М╪з ╪з╪и ┘Д┘И ╪в╪▓╪з╪п█М█Ф
#NewIndia 
#JamiaтАж https://t.co/LLU5ZDtcPn"
рд╡рд┐рд╢рд╛рд▓ рдЧреБрдкреНрддрд╛ ЁЯЗоЁЯЗ│,"@MajorPoonia рдЬрд╛рдорд┐рдпрд╛-рдкреНрд░реЛрдЯреЗрд╕реНрдЯ рдХреЗ рджреМрд░рд╛рди рдПрдХ рд╡реНрдпрдХреНрддрд┐ рджреНрд╡рд╛рд░рд╛ рд╣рд╛рдереЛрдВ рдореЗрдВ рдкрд┐рд╕реНрдЯрд▓ рд▓реЗрдХрд░ ""рдЬрдп рд╢реНрд░реА рд░рд╛рдо"" рдФрд░ ""рд╡рдВрджреЗ рдорд╛рддрд░рдо"" рдХрд╛ рдирд╛тАж https://t.co/SPLfwCA53u"
Saamana,рдирд╛рдЧрд░рд┐рдХрддреНрд╡ рд╕реБрдзрд╛рд░рдгрд╛ рдХрд╛рдпрджрд╛ (CAA) рдЖрдгрд┐ рд░рд╛рд╖реНрдЯреНрд░реАрдп рдирд╛рдЧрд░рд┐рдХ рдиреЛрдВрджрдгреА (NRC) рд╡рд┐рд░реЛрдзрд╛рдд рджрд┐рд▓реНрд▓реАрддреАрд▓ рд╢рд╛рд╣реАрди рдмрд╛рдЧрдордзреНрдпреЗ рд╕реБрд░реВ рдЕрд╕рд▓реЗрд▓реНрдпрд╛ рдЖрдВрджреЛтАж https://t.co/S19cdwYUqW
Komal Sharma,"#Jamia рдореЗрдВ рдмрдВрджреВрдХ рд╡рд╛рд▓реЗ рд╢рдЦреНрд╕ рдХрд╛ рдЖрддрдВрдХ, рдЧреЛрд▓реА рдЪрд▓рд╛рдХрд░ рдмреЛрд▓рд╛ рдпреЗ рд▓реЛ рдЖрдЬрд╛рджреА
#Jamia #NRA #CAA_NRCProtests @DelhiPoliceтАж https://t.co/CAbWuP78Jt"
Shah Ali (рд╢рд╛рд╣ рдЕрд▓реА) (╪┤╪з█Б ╪╣┘Д█М),"@ihansraj #European_union_against_CAA_NRC 
#рдЧреЛрдкрд╛рд▓_рд╣рд┐рдВрджреБрддреНрд╡рдЖрддрдВрдХрд╡рд╛рджреА
#TerroristAttackOnJamiaStudents"
To The POINT,"Jihadi shot 55 cops in UP in Anti CAA riots. No condemnation by liberals.
One Hindu guy does a drama and they blameтАж https://t.co/khx3bTYNyn"
Dr Rajat GuptaЁЯЗоЁЯЗ│,@SuvarnaVeerappa @BhardwajAnanya @SoulOfFeelings No you have not. Tell me why shouldn't we have a national count anтАж https://t.co/kUBucPMBaP
Jayanth Venkatesh,"With so many things happening here, hope people are aware &amp; do take care #caronavirus #WuhanVirus #India #CAA_NRC https://t.co/eZJo79cLAX"
IndianguideтЩея╕П ЁЯЗоЁЯЗ│,"@IndiasMuslims 2/2 ...u must declare yr support 4 religious plurality of India, show respect 2 India's historical lтАж https://t.co/iGZoCEGwRW"
Mariyam Abbas,72 рд╕рд╛рд▓ рдкрд╣рд▓реЗ рдЖрдЬ рд╣реА рдХреЗ рджрд┐рди рдЖрдЬрд╝рд╛рдж рднрд╛рд░рдд рдХрд╛ рдкрд╣рд▓рд╛ рдЖрддрдВрдХреА рдирд╛рдереВрд░рд╛рдо рдЧреЛрдбрд╕реЗ рдиреЗ рд░рд╛рд╖реНрдЯреНрд░рдкрд┐рддрд╛ рдЧрд╛рдВрдзреА рдХреЛ рдЧреЛрд▓реА рдорд╛рд░ рдХрд╝рддреНрд▓ рдХрд┐рдпрд╛ рдерд╛ рдФрд░ рдЖтАж https://t.co/qaHLArYKj7
The Invisible Ascetic,"Uncle ji....why don't you go to wuhan china and get these three infected chinese with you....

After they come....aтАж https://t.co/QQHQ4byaqE"
Love Chowkidar,"@IndiaToday how many times these people condemned incidents like this

https://t.co/b5abup7TwO"
NISHANT,#CAA рдкрд░ @RubikaLiyaquat рдХрд╛ рд╕рдмрд╕реЗ рдмреЗрд╣рддрд░реАрди рд╢реЛ....рджреЗрдЦрд┐рдпреЗ рдФрд░ рд╕рдордЭрд┐рдП рдХреНрдпрд╛ рдХрд╣рд╛ рдЬрд╛ рд░рд╣рд╛ рд╣реИ рдФрд░ рдХреНрдпрд╛ рд╕рдЪ рд╣реИ https://t.co/vaL6eP2ax8
Indranil,@sardesairajdeep @IndiaToday @aajtak When will you cover the killings happened in Jharkhand and Bengal of Pro CAA supporter's?
Shah Ali (рд╢рд╛рд╣ рдЕрд▓реА) (╪┤╪з█Б ╪╣┘Д█М),"@Monster_Ghost07 @Afsarali190 #European_union_against_CAA_NRC 
#рдЧреЛрдкрд╛рд▓_рд╣рд┐рдВрджреБрддреНрд╡рдЖрддрдВрдХрд╡рд╛рджреА
#TerroristAttackOnJamiaStudents"
News Nation,"#VIDEO | Man shouts 'aao deta hoon azaadi', opens fire in Jamia, leaving one student injured. Watch video

https://t.co/VJvg54PvS0"
Rajeev Yadav,"In Presence of Police, Man Opens Fire at Jamia Students during Anti-CAA Peace March
#Jamia
https://t.co/4t1MoN70MG"
Amit Kumar ABVP,рдорд╣рд╛рддреНрдорд╛ рдмрдирдиреЗ рдХреЗ рдЪрдХреНрдХрд░ рд╡рд░реНрддрдорд╛рди рд╡ рднрд╡рд┐рд╖реНрдп рдореЗрдВ рдХреЛрдИ рднреА #gandhiji рд╡рд╛рд▓реА рдЧрд▓рддреА рдирд╛ рдХрд░реЗ.рджреБрдмрд╛рд░рд╛ рдЕрдЧрд▓реА рдкреАрдврд╝реА рдХреЛ #CAA рди рд▓рд╛рдирд╛ рдкрдбрд╝реЗ#тАж https://t.co/svtKsBV925
Makhan Singh General Secretary  BSP Punjab,To fire at protesting people in Jamia Delhi against CAA NRC and NPR by an unidentified youth clarifies the stand ofтАж https://t.co/1qJ6zSux2H
Nilesh Morbia,@Swamy39 @kaunaslam CAA ka virodh karna hai to khud ki bharatiya nagrikta ka tyag karke kar shakte hai
Jackie Beard Jones,@UK_CAA @foxy_kris @CEGAGroup @Telegraph @SkyNews @ITV @BBCNews @BBCWatchdog Thank you for the reply &amp; prompt respoтАж https://t.co/UhAf9nk3jy
рдЕрдорд┐рддрд╢рд╛рд╣ рдлреИрди рдХреНрд▓рдм,"рдорд╣рд╛рддреНрдорд╛ рдмрдирдиреЗ рдХреЗ рдЪрдХреНрдХрд░ рд╡рд░реНрддрдорд╛рди рд╡ рднрд╡рд┐рд╖реНрдп рдореЗрдВ рдХреЛрдИ рднреА #gandhiji рд╡рд╛рд▓реА рдЧрд▓рддреА рдирд╛ рдХрд░реЗ...

рджреБрдмрд╛рд░рд╛ рдЕрдЧрд▓реА рдкреАрдврд╝реА рдХреЛ #CAA рди рд▓рд╛рдирд╛ рдктАж https://t.co/kXgp0fAatL"
bhakt sara,"@TimesNow even if anti CAA people use Hindus as pioneers to promote terrorism, definetlty BJP and RSS won't appreciтАж https://t.co/bxOvoGfj2M"
Sangitha Varier,ЁЯЗоЁЯЗ│Mega Diplomatic win for #India ЁЯСН #EU Parliament defers anti-#CAA Resolution VotingЁЯЗоЁЯЗ│Pak Efforts failтЭдя╕ПKudosтАж https://t.co/h8VdsnDcxa
ALI SHAIKH,@wasifn_9 #We_Are_Gandhians #We_Are_Gandhians #We_Are_Gandhians #We_Are_Gandhians #рддреБрдо_рдХрд┐рддрдиреЗ_рдЧрд╛рдВрдзреА_рдорд╛рд░реЛрдЧреЗтАж https://t.co/nNtk2lSwnk
DHANANJAY SHUKLA,"рдорд╣рд╛рддреНрдорд╛ рдмрдирдиреЗ рдХреЗ рдЪрдХреНрдХрд░ рд╡рд░реНрддрдорд╛рди рд╡ рднрд╡рд┐рд╖реНрдп рдореЗрдВ рдХреЛрдИ рднреА #gandhiji рд╡рд╛рд▓реА рдЧрд▓рддреА рдирд╛ рдХрд░реЗ...

рджреБрдмрд╛рд░рд╛ рдЕрдЧрд▓реА рдкреАрдврд╝реА рдХреЛ #CAA рди рд▓рд╛рдирд╛ рдктАж https://t.co/nJAXKjIErG"
harsh_photosensitive,@vanitajain21 @Ramesh_BJP @VandanaJayrajan @anandpdwivedi @caa_nrc_best @SwethaAjeeth @Moulii190 #muftkhorтАж https://t.co/cB76U2fQO8
рдпреЛрдЧреЗрдВрджреНрд░ рдЪреМрдзрд░реА,"@ianuragthakur рдЕрдиреБрд░рд╛рдЧ рдЬреА рдиреЗ рдЧреЛрд▓реА рдорд╛рд░реЛ рдЧрджреНрджрд╛рд░реЛ рдХреЛ рдмреЛрд▓рд╛ рддреЛ рдУрд╡реИрд╕реА  @asadowaisi рдмреЛрд▓ рд░рд╣рд╛ рд╣реИ рдХрд┐ рдХрд╣рд╛ рдЖрдКрдВ рдЧреЛрд▓реА рдЦрд╛рдиреЗ рдХреЗ рд▓рд┐рдП,тАж https://t.co/dWQbmEyvyj"
Shah Ali (рд╢рд╛рд╣ рдЕрд▓реА) (╪┤╪з█Б ╪╣┘Д█М),"@kashaf3751 #European_union_against_CAA_NRC 
#рдЧреЛрдкрд╛рд▓_рд╣рд┐рдВрджреБрддреНрд╡рдЖрддрдВрдХрд╡рд╛рджреА
#TerroristAttackOnJamiaStudents"
SUNIL KUMAR,"CAA ,NRC рдПрдХ рдРрд╕рд╛ рдмрд┐рд▓ рд╣реИ рдЬрд┐рд╕рдиреЗ рд╣рд┐рдиреНрджреБрдУ рдХреЛ 10 рд╕рд╛рд▓ рдмрд╛рдж рдЖрдиреЗ рд╡рд╛рд▓реЗ

рдЗрд╕реНрд▓рд╛рдорд┐рдХ рдЖрддрдВрдХрд╡рд╛рдж рдХреЗ рдЦрддрд░реЗ рдХрд╛ рдПрд╣рд╕рд╛рд╕ рдЖрдЬ рд╣реА рдХрд░рд╛ рджрд┐рдпрд╛"
Muhammad Nawaz uddin рдореБрд╣рдореНрдордж рдирд╡рд╛рдЬрд╝ рдЙрджреНрджреАрди,@NrcProtest Police na to is kay legs par goli chalayi aur na is par lathi charge hua agar hoga to armless protesterтАж https://t.co/7nVGVFKZBG
Vivek,@kashyap9991 @caa_nrc_best Look at the gun. Zoom it. Seems like Desi katta (Idk much about guns but it does not looтАж https://t.co/2QXZ9Ln45R
TK C,@Unknown_CAA_NC1 чЯеуВЙуВУуБЧ(чмС)
@l-Miher Khan,"рдореБрдВрдмрдИ рдореЗрдВ  рдЧрд┐рд░рдлреНрддрд╛рд░реА рдкрд░ рдмреЛрд▓реЗ рдбреЙрдХреНрдЯрд░ рдХрдлреАрд▓ рдЦрд╛рди, тАШрд╕рд╛рдЬрд┐рд╢рди рдлрдВрд╕рд╛рдпрд╛ рдЬрд╛ рд░рд╣рд╛, рдирд╣реАрдВ рд╣реИ рдпреВрдкреА рдкреБрд▓рд┐рд╕ рдкрд░ рднрд░реЛрд╕рд╛тАЩ https://t.co/xy4UFMKcGZ"
Sandy Johns,Gunman fires at anti-CAA protest rally in┬аDelhi https://t.co/ADInLQANJr
Sridhar Tiruchendurai ЁЯЗоЁЯЗ│,Liberals asked why CAA excluded Muslims.  @AmitShah or @narendramodi didn't answer.  Muslims answered.  Hope liberaтАж https://t.co/mus1tX625T
D├йv├иn WADKE,"Delhi: Man opens fire at protesters in Jamia, student injured

Bound to happen when dictatorship, anti-national eveтАж https://t.co/1kmVDLX4ci"
Murtaza MAK,"Spot the difference
#Jamia 
#CAA_NRCProtests 
#DelhiPolice https://t.co/2LGVEPyMPa"
Abhijeet,"@ashokepandit рдЧреЛрдбрд╕реЗ рд╡рд╛рд▓реЗ рдЪреАрдЪрд╛  !

#BJPfails #BJPlies #Acchedin #Jumla #bhakts  #UrbanIdiots #5TrillionEconomy #NRCтАж https://t.co/DQCpd0fU3S"
ARCHANA,@Khurram1inc @UNinIndia @UNHumanRights @UNGeneva @UN_Women @UN @UN_News_Centre @UNDP_India @UNICEFIndia @UNDPтАж https://t.co/LCoL6tMLNI
Govardhan Soni GD BJP,"@rssurjewala рд╕рдмрд░ рд░рдЦ,

https://t.co/eiG3d7IvJ7 https://t.co/TsVU7jCfI4"
Parth Mehrotra,VIEWS OF #MahatmaGandhi  SUPPORT CAA NRC NPR ... MUSLIMS SUPPORT NRC CAA NPR
Azhimukham,'р┤░р┤╛р┤ор┤нр┤Хр╡Нр┤др╡Н р┤Чр╡Лр┤кр┤╛р╡╜' р┤Ьр┤╛р┤ор┤┐р┤п р┤╡р┤┐р┤жр╡Нр┤пр┤╛р╡╝р┤др╡Нр┤ер┤┐р┤Хр┤│р╡Ж р┤╡р╡Жр┤Яр┤┐ р┤╡р╡Жр┤Хр╡Нр┤Хр╡Бр┤ор╡Нр┤кр╡Лр╡╛ р┤кр╡Кр┤▓р╡Ар┤╕р╡Н р┤ир╡Лр┤Хр╡Нр┤Хр┤┐ р┤ир┤┐р┤ир╡Нр┤ир╡Б #CAA #JamiaMilliaIslamia https://t.co/7OwcAdSi6P
Ashfaq Khan,"рд╣рдорд╛рд░реА рдЖрдиреЗ рд╡рд╛рд▓реА 7 рдкреБрд╢реНрддреЗ рднреА рдпрд╣реА рдкреИрджрд╛ рд╣реЛрдВрдЧреА рдФрд░ рдпрд╣реА рдорд░реЗрдВрдЧреА
рдкрд░ рдЕрдлрд╕реЛрд╕ рд╣реИ рдореЛрджреА рдФрд░ рдпреЛрдЧреА рдХреА рдкреБрд╢реНрддреЗ рдпрд╣ рдирд╣реА рджреЗрдЦ рдкрд╛рдпреЗрдВрдЧреАредтАж https://t.co/a6UCrbQ2pV"
Youth4bjp,"рд▓рд╛рд▓ рдорд┐рд░реНрдЪ рдХрд╛ рдХрдорд╛рд▓,
рдмрдиреНрдж рдХрд░рд╛рдиреЗ рд╡рд╛рд▓реЛрдВ рдХреЛ рдХрд░ рджрд┐рдпрд╛ рд▓рд╛рд▓!
Anti national #CAA_NRCProtests рдХреЛ рд░реЛрдХрдиреЗ рдХрд╛ рдЖрдо рдЬрд╝рди рджреНрд╡рд╛рд░рд╛ рдХрд┐рдпрд╛ рдЧтАж https://t.co/be2XoHbCY7"
╠╖═▓╚║р╜а╚║. ЁЯМЯтнРЁЯМа,"Jitne bhi protest kar reh sab ko udao.

Na rahegi bansh ba bajegi basuri
Rest in peace caa protesters ЁЯдгЁЯдг

#ShaheenBaghProtests"
Prerona Dutta,"ржПржЗ рж▓рзЛржХ ржЯрж┐ ржЬрж╛ржорж┐ржпрж╝рж╛рж░ ржПржХржЯрж┐ ржЫрж╛рждрзНрж░ ржХрзЗ ржЧрзБрж▓рж┐ ржХрж░рзЗржЫрж┐рж▓рзЗржи CAA ржмрж┐рж░рзЛржзрзА  ржЖржирзНржжрзЛрж▓ржи ржХрж╛рж░рзАржжрзЗрж░ ржЙржкрж░. 
ржЫрж┐ржГ ржЫрж┐ржГ ржорзЛржжрзА рж╕рж░ржХрж╛рж░ ржЫрж┐ржГтАж https://t.co/oFYm12E3eM"
Bilal Ansari,"IF Union Ministers from the stage chants ""рдЧреЛрд▓реА рдорд╛рд░реЛ""
Then Result is here ..
Before they killed #Gandhi ji,
Today thтАж https://t.co/D7vTC4uwmK"
India_For_Indians,"#StagedJamiaAttack by
 #Lashkar_E_Media https://t.co/vPgFOnYjZB https://t.co/mKwYFOY3Bi"
Amit Kumar ABVP,"рдорд╣рд╛рддреНрдорд╛ рдмрдирдиреЗ рдХреЗ рдЪрдХреНрдХрд░ рд╡рд░реНрддрдорд╛рди рд╡ рднрд╡рд┐рд╖реНрдп рдореЗрдВ рдХреЛрдИ рднреА #gandhiji рд╡рд╛рд▓реА рдЧрд▓рддреА рдирд╛ рдХрд░реЗ...

рджреБрдмрд╛рд░рд╛ рдЕрдЧрд▓реА рдкреАрдврд╝реА рдХреЛ #CAA рди рд▓рд╛рдирд╛ рдктАж https://t.co/sPotbCcYvh"
JFB!rich boss VANDRA king╩Щс┤Лс┤Ыbraga,@Jihyocha Gak punya gua caa
Amit Kumar ABVP,"рдорд╣рд╛рддреНрдорд╛ рдмрдирдиреЗ рдХреЗ рдЪрдХреНрдХрд░ рд╡рд░реНрддрдорд╛рди рд╡ рднрд╡рд┐рд╖реНрдп рдореЗрдВ рдХреЛрдИ рднреА #gandhiji рд╡рд╛рд▓реА рдЧрд▓рддреА рдирд╛ рдХрд░реЗ...

рджреБрдмрд╛рд░рд╛ рдЕрдЧрд▓реА рдкреАрдврд╝реА рдХреЛ #CAA рди рд▓рд╛рдирд╛ рдктАж https://t.co/2UmHR4FX7q"
RAMANI SANKAR,@SriramMadras BJP police will act only against protesters of CAA and students. Here it seems that the police alloweтАж https://t.co/6cXvWyRJbM
Jyothi Shankaran,"And in the morning he was leading an anti CAA rally in Wayanad, Kerala ЁЯШВЁЯШВЁЯШВ https://t.co/uQqQH7WytV"
Jai Shree Ram ЁЯЩПЁЯЩП,"@_sabanaqvi Agar CAA laye to desh ko Aag laga dege 
Aag laga di explosion kar diya https://t.co/JfLwwPnfPm https://t.co/yj1cP7QHvd"
Amit Kumar ABVP,"рдорд╣рд╛рддреНрдорд╛ рдмрдирдиреЗ рдХреЗ рдЪрдХреНрдХрд░ рд╡рд░реНрддрдорд╛рди рд╡ рднрд╡рд┐рд╖реНрдп рдореЗрдВ рдХреЛрдИ рднреА #gandhiji рд╡рд╛рд▓реА рдЧрд▓рддреА рдирд╛ рдХрд░реЗ...

рджреБрдмрд╛рд░рд╛ рдЕрдЧрд▓реА рдкреАрдврд╝реА рдХреЛ #CAA рди рд▓рд╛рдирд╛ рдктАж https://t.co/TcLYixqRFp"
Pradeep Rawal,"#CAA рдХреА рдЦрд┐рд▓рд╛рдлрдд рд╕реЗ рдХреЛрдИ рд╢рд┐рдХрд╝рд╡рд╛ рдирд╣реАрдВ,рдЬреЛ рд╕рд┐рдЦрд╛рдпрд╛ рдЧрдпрд╛ рд╡реЛ рдХрд░реЛ рддреЛ рднреА рдЧрд┐рд▓рд╛ рдирд╣реАрдВред
рд╢рд┐рдХрд╛рдпрдд рдЙрд╕ рдЬрд╣рд░реАрд▓реА рд╕рд╛рдЬрд╝рд┐рд╢ рд╣реИ,рдЬреЛ рджрд┐рдорд╛рдЧ рд╕реЗ рджрд┐рд▓тАж https://t.co/jXTsPvUqhV"
Sagar Lodha,@ShilpiSinghINC рд▓рдЧрддрд╛ рд╣реИ рдЖрдиреНрдЯреА рдЕрдзрдкрдв рдЧрд╡рд╛рдВрд░ рд╣реИ рдпреЗ #CAA рдХреЛ рдкрдв рдирд╣реА рд╢рдХрддреА рдпрд╛ рдлрд┐рд░ рдЗрдиреНрд╣реЗ рдШреБрд╕рдкреИрдард┐рдпреЗ рдФрд░ рд╢рд░рдгрд╛рд░реНрдереА рдХреЗ рдмреАрдЪ рдХрд╛ рдлрд░реНрдХ рдирд╣рд┐ рдорд╛рд▓реБрдо
MADHUKAR TAKSANDE,@nisha_ambedkar рд╢рд╛рд╣реАрдирдмрд╛рдЧ рдХрд╛ рдЖрдВрджрд╛реЗрд▓рди рд╕рд╛рд░реЗ рднрд╛рд░рдд рдХреЗ рд▓рд╛реЗрдЧрд╛реЗрдХрд╛ рдЖрдВрджрд╛реЗрд▓рди рд╣рд╛реЗрддрд╛ рдЧрдпрд╛ рд╣реИ. рейрей% рдордд рд╡рд╣ рднреА EVM HACK MACHINE рд╕реЗ рдЪреБтАж https://t.co/POaubywPOC
Na30 Chelsea,@RubikaLiyaquat @RubikaLiyaquat aap please tamil nadu ke trichy me jo BJP worker ki mob lynching hui hai ek communiтАж https://t.co/rTKHIXYqpX
DhanMesh,"@nisha_ambedkar рдЖрддрдВрдХрд╡рд╛рджреА рдирд╛рдереВрд░рд╛рдо рдЧреЛрдбрд╕реЗ рдХреА рдФрд▓рд╛рдж рд╣реИ  #GodseMurdabad #Godse_Terrorist 
#WorldAgainst_CAA_NRC_NPR"
News18 Tamil Nadu,"роЬрпЖропрпН ро╕рпНро░рпАро░ро╛роорпН роЪрпКро▓рпНро▓ро┐роХрпН роХрпКрогрпНроЯрпЗ CAA роОродро┐ро░рпНрокрпНрокрпБ рокрпЛро░ро╛роЯрпНроЯроХрпНроХро╛ро░ро░рпНроХро│рпИроЪрпН роЪрпБроЯрпНроЯ роЗро│рпИроЮро░рпН! роЯрпЖро▓рпНро▓ро┐ропро┐ро▓рпН рокро░рокро░рокрпНрокрпБ

#Jamia | 

ClickтАж https://t.co/vt3plsqpuU"
Awadhesh Kumar Singh,PM Narendra Modi jee рдЬрдм рд░рд╛рдорджреЗрд╡ рдмрд╛рдмрд╛ рдХреЗ рдЖрдВрджреЛрд▓рди рдкрд░ рдкреБрд▓рд┐рд╕ рдмрд▓ рдХрд╛ рдкреНрд░рдпреЛрдЧ рдХрд░рдирд╛ рдЕрдЧрд░ рдЙрдЪрд┐рдд рд╣реИ рддреЛ CAA рдХреЗ рд╡рд┐рд░реВрджреНрдз рдЖрдВрджреЛрд▓рди рдХрд░рдиреЗтАж https://t.co/tpAj4R9boJ
Love Chowkidar,"this is democracy for congress, india today , owaissi
https://t.co/pcdCZcpppA https://t.co/i4DPEcrJF8"
THE THIRD EYE,"рдмрд┐рд╣рд╛рд░ рд╕реЗ рдЖрдпреЗ рд╣реБрдП рдпреЗ рджрд╛рджрд╛...рд╢рд╛рд╣реАрди рдмрд╛рдЧ рдХреЗ рд╣рдЬрд╝рд╛рд░реЛрдВ рд╡рд┐рд░реЛрдзрд┐рдпреЛрдВ, рджреЗрд╢ рддреЛрдбрд╝рдиреЗ рдХреА рдмрд╛рддреЗрдВ рдХрд░рдиреЗ рд╡рд╛рд▓реЛрдВ рдХреЗ рдареАрдХ рд╕рд╛рдордиреЗ рдЕрдХреЗрд▓реЗ рд╢рдЦреНрд╕тАж https://t.co/RgZvLDiz0A"
Amit Kumar ABVP,"@digvijaya_28 рдорд╣рд╛рддреНрдорд╛ рдмрдирдиреЗ рдХреЗ рдЪрдХреНрдХрд░ рд╡рд░реНрддрдорд╛рди рд╡ рднрд╡рд┐рд╖реНрдп рдореЗрдВ рдХреЛрдИ рднреА #gandhiji рд╡рд╛рд▓реА рдЧрд▓рддреА рдирд╛ рдХрд░реЗ...

рджреБрдмрд╛рд░рд╛ рдЕрдЧрд▓реА рдкреАрдврд╝реА рдХреЛтАж https://t.co/Dlui0CPmwI"
Ankit Mudgal,"#рднрд╛рд░рддрдмрдВрджрдХрд╛рдмрд╣рд┐рд╖реНрдХрд╛рд░
рдХрд▓ CAA / NRC рдХрд╛ рд╡рд┐рд░реЛрдз рдХрд░рдиреЗ рдХреЗ рд▓рд┐рдП рдмрдВрдз рдХреЗ рд╕рдорд░реНрдерди рдореЗрдВ рд╕рд╣рдпреЛрдЧ рдХрд░рдиреЗ рд╡рд╛рд▓реЛ рдХрд╛ рд╕рднреА рднрд╛рд░рддреАрдп рдирд╛рдЧрд░рд┐рдХреЛрдВ рджреНрд╡рд╛тАж https://t.co/FFpz2dcpkz"
Love Chowkidar,"@IndiaToday this is democracy for congress, india today , owaissi
https://t.co/pcdCZcpppA"
Velmurugan Paranjothy/ рок.ро╡рпЗро▓рпНроорпБро░рпБроХройрпН,@kalaisugu1 роЬрпЖропрпН ро╕рпНро░рпАро░ро╛роорпН роЪрпКро▓рпНро▓ро┐роХрпН роХрпКрогрпНроЯрпЗ CAA роОродро┐ро░рпНрокрпНрокрпБ рокрпЛро░ро╛роЯрпНроЯроХрпНроХро╛ро░ро░рпНроХро│рпИроЪрпН роЪрпБроЯрпНроЯ роЗро│рпИроЮро░рпН! роЯрпЖро▓рпНро▓ро┐ропро┐ро▓рпН рокро░рокро░рокрпНрокрпБ https://t.co/M2C2iYOWT0
asr24News,рдЫрддреНрддреАрд╕рдЧрдврд╝ рдХреЗ CM Bhupesh рдиреЗ PM рдореЛрджреА рд╕реЗ CAA рд╡рд╛рдкрд╕ рд▓реЗрдиреЗ рдХрд┐рдпрд╛┬ардЖрдЧреНрд░рд╣ https://t.co/HGohTKQmWq https://t.co/7eP78dRBnm
shailesh  shirode ЁЯЗоЁЯЗ│,@AneelaKh @RanaAyyub They won't show Muslims killing #Anti_CAA protesters.. https://t.co/rgYXhZ0ybA
Chinmaya Pradhan,"Politics may be a game for the politicians, a game where they lose or win elections, but for 130 crore commoners, iтАж https://t.co/hcXD5Z3cTO"
Avinash Vishwakarma,"#CAA_NRC_Protests 
     рджрд┐рд▓реНрд▓реА рдЪреБрдирд╛рд╡ рд╕реЗ рдкрд╣рд▓реЗ рднрд╛рдЬрдкрд╛ рдмрдбрд╝реА рд╣рд┐рдВрд╕рд╛ рдХреЛ рдЕрдВрдЬрд╛рдо рджреЗрдиреЗ рдХреА рдХреЛрд╢рд┐рд╢ рдХрд░реЗрдЧреАред рдЬрд╛рдорд┐рдпрд╛ рд╕реЗ рдЖрдЬ рд╢реБрд░реВ рд╣реБрдЖтАж https://t.co/k95A1oUeJp"
Bhargav D ЁЯЗоЁЯЗ│,"@kanhaiyakumar рдЕрдмреЗ рдЧрдзреЗ, CAA NRC рдХреЛ рдЬрдм рдореБрд╕реНрд▓рд┐рдо рд╡рд┐рд░реЛрдзреА рдирд╣реАрдВ рд╕рд╛рдмрд┐рдд рдХрд░ рдкрд╛рдпреЗ рддреЛ рдЕрдм рдЧрд░реАрдм рд╡рд┐рд░реЛрдзреА рд╕рд╛рдмрд┐рдд рдХрд░рдиреЗ рдореЗрдВ рд▓рдЧ рдЧрдпреЗ"
US KHAN,@salmani_umar @MuslimAwaz @WasiuddinSiddi1 @ShayarSalman рдЬрд╛реЕрдореНрдмреАрдЬ рдХреЗ рдирдП рднрд╛рд░рдд рдореЗрдВ рдЖрдкрдХрд╛ рд╕реНрд╡рд╛рдЧрдд рд╣реИред рджреЗрдЦрдирд╛ рдпрд╣ рд╣реИ рдХрд┐ рдЗрд╕тАж https://t.co/1ozlOJF7EZ
Meena Kotwal,"рдЕрд╣рд┐рдВрд╕рд╛ рдкрд░рдореЛ рдзрд░реНрдо:
рдЧреЛрд▓реА рдЦрд╛рдХрд░ рд╣рдореЗрдВ рдЖрдЬ рднреА рдЧрд╛рдВрдзреА рдмрдирдирд╛ рдордВрдЬреВрд░ рд╣реИ.
#India_against_CAA
#Jamia
#30January
#Gandhi https://t.co/jgLWta3oZ3"
Gautam Mitra,"@Sujeeshmech @surendranbjp So much I understand, the passing of resolution against CAA in the assembly has no practтАж https://t.co/5c82f559au"
Shubham Gorande,@dr_socialist https://t.co/xR2rdIuaEs
Mohammad Mansoor,"If #NarendraModi thinks of engaging into new war with #Pakistan, then all Indians must realize that their already cтАж https://t.co/C7qNR909SG"
Ashutosh Anil Poddar #IsupportCAA NRC..,"Dear nationalist..
Get ready to boycott #Thappad  of @taapsee who was also standing at the gate way of India withтАж https://t.co/gp2avIZLgB"
Naomi Canton,Main dunga azadi: Man opens fire in Delhi's Jamia at anti-CAA rally; 1 injured | WATCH https://t.co/e7ZfWvqDnE via @indiatoday
Er Azhar Meo,"IF Union Ministers from the stage chants ""рдЧреЛрд▓реА рдорд╛рд░реЛ""
Then Result is here ..
Before they killed #Gandhi ji,
Today thтАж https://t.co/w50BbBXS0T"
Vidya Chavan,"On the day when #MahatmaGandhi was assassinated an unknown individual open fired in front of brave @AmitShah
ji'sтАж https://t.co/jtYb3RdZNZ"
SANDEEP TIWARI ( SUPPORT CAA ),"@ArvindKejriwal рд╣рд┐рдиреНрджреВ рд╕рд┐рдЦреЛрдВ рдХреА рдкрд╛рдХрд┐рд╕реНрддрд╛рди рдореЗ рд╣рд╛рд▓рдд
рдЧреМрдорд╛рдВрд╕ рдЬрдмрд░рджрд╕реНрддреА рдЦрд┐рд▓рд╛рдпрд╛ рдЬрд╛рддрд╛ рд╣реИ
рдмреЗрдЯрд┐рдпреЛрдВ рдХреЛ рдШрд░реЛ рд╕реЗ рдЙрдард╛рдпрд╛ рдЬрд╛ рд░рд╣рд╛ рд╣реИтАж https://t.co/YFTVys6beY"
Faisal Zk,Today i got this while watching this video where @anjanaomkashyap talking to #shahinbagh ladies suddenly i got thisтАж https://t.co/TrXxCWMMqQ
р░Ир░ир░╛р░бр▒Б,"р░ор▒Лр░жр▒Ар░Хр░┐ р░Ж р░зр▒Ир░░р▒Нр░пр░В р░▓р▒Зр░жр▒Б: р░░р░╛р░╣р▒Бр░▓р▒НтАМ
#RahulGandhi #PMModi #Congress #BJP #CAA_NRC #Kerala
https://t.co/4CvJIW48qr"
Punjab Kesari,"#CAAProtest: рдЬрд╛рдорд┐рдпрд╛ рдореЗрдВ рдкреНрд░рджрд░реНрд╢рди рдХреЗ рджреМрд░рд╛рди рдПрдХ рдпреБрд╡рдХ рдиреЗ рдЪрд▓рд╛рдИ рдЧреЛрд▓реА, рдмреЛрд▓рд╛- рдореИрдВ рджреВрдВрдЧрд╛ рд╕рдмрдХреЛ рдЖрдЬрд╛рджреА ( VIDEO)тАж https://t.co/V1X1IVhzYW"
Mohit Puranik,Dear @SalmanNizami_ what do you have to say about TMC leader Tahiruddin who opened fire at the protesters in an antтАж https://t.co/s3jNg8aOQ8
Ghayas,"@RanaAyyub RSS plan to kill  Gandhi executed by Godse
RSS  plan ro kill CAA-NPR-NRC protest executed by Delhi Police."
Pharmaking,Shaheen Baugh Bhiwandi starting from 31 January.Against NRC#CAA#NPR. https://t.co/2jAxXMxIqb
Ayyub Jagirdar,"ЁЯШб*рдЕрдиреБрд░рд╛рдЧ рдард╛рдХреБрд░ рдХреЗ рдирд╛рд░реЗ рдХреЗ рдмрд╛рдж рдЖрдЬ рдЬрд╛рдорд┐рдпрд╛ рдХреЗ рд╕реНрдЯреВрдбреЗрдВрдЯ рдХреЛ рдЧреЛрд▓реА рдорд╛рд░реА рдЧрдпреА* 

#No_NRC_NO_CAA_NO_NPR https://t.co/tXAlYkbuZY"
Govardhan Soni GD BJP,"@rssurjewala рджреЗрдЦ рд▓реЗред рдЗрд╕реЗ рдХрд╣рддреЗ рд╣реИрдВ рд╡рд┐рджреЗрд╢ рдиреАрддрд┐ ред
https://t.co/eiG3d7IvJ7"
Aniket Vyas,"A Rudra Hanuman poster puts secularism in danger.

In anti CAA protest in Hyderabad, Ashoka Chakra was removed fromтАж https://t.co/KAsDPgLZyM"
Motherland Voice,CAA рд╕реЗ рднрд╛рд░рдд рдХреЗ рдХрд┐рд╕реА рднреА рдореБрд╕рд▓рдорд╛рди рдХреЛ рджрд┐рдХреНрдХрдд рдирд╣реАрдВ рд╣реЛрдиреА рдЪрд╛рд╣рд┐рдП-рддрд╛рд░рд┐рдХ┬ардлрддрд╣ https://t.co/pjT80CL01s https://t.co/zul0eFmuaW
Aftab Alam ╪в┘Б╪к╪з╪и рдЖрдлрд╝рддрд╛рдм,MENA FN  https://t.co/xrhcm1CS9M
Some bits,"@adiupadhyay Must be a Islamic nutcase so aggrieved by CAA/NRC that he opened fire on those protesting for his cause, no?"
Sujata Morale,"Sfi рдЕрдЦрд┐рд▓ рднрд╛рд░рддреАрдп рд╕рд╣рд╕рдЪрд┐рд╡ рджрд┐рдкрд╕реАрддрд╛ рдзрд░ рдпрд╛рдВрдиреА рдмреАрдбрдордзреНрдпреЗ CAA,NRC,NPR  рд╡рд┐рд░реЛрдзрд╛рдд  реирепJan рд░реЛрдЬреА рдЖрдпреЛрдЬрд┐рдд рднрд╡реНрдп рдЬрд╛рд╣реАрд░ рд╕рднреЗрд╕ рд╕рдВрдмреЛрдзрд┐рдд рдХреЗтАж https://t.co/k03vf8A2tm"
sanjeevni today,"VIDEO: рдЬрд╛рдорд┐рдпрд╛ рдореЗрдВ CAA рдкреНрд░реЛрдЯреЗрд╕реНрдЯ рдХреЗ рджреМрд░рд╛рди рдпреБрд╡рдХ рдиреЗ рдЪрд▓рд╛рдИ рдЧреЛрд▓реА, рдмреЛрд▓рд╛- рдореЗрдВ рджреЗрддрд╛ рд╣реВрдВ рдЖрдЬрд╛рджреА    https://t.co/EBUcfcQ9xE"
ian,@baekburger nyamar caa
Uttam kumar ЁЯЗоЁЯЗ│,"рдмрд╣реБрдд рд╣реА рд╢рд╛рддрд┐рд░рд╛рдирд╛ рддрд░реАрдХреЗ рд╕реЗ рдирд╛рдЯрдХ рдЦреЗрд▓рд╛ рдЧрдпрд╛ рд╣реИ

30 рдЬрдирд╡рд░реА
рдорд╣рд╛рддреНрдорд╛ рдЧрд╛рдВрдзреА рдХреА рд╣рддреНрдпрд╛ 
рдирд╛рдереВрд░рд╛рдо рдЧреЛрдбрд╕реЗ

рдмрдВрджреВрдХ рд▓рд╣рд░рд╛рддрд╛ рдФрд░ рдЬрдп рд╢реНрд░реАтАж https://t.co/vsgX5BFRAB"
UDAY KUMAR уАКSUPPORTERS OF BHARATIYA JANATA PARTY уАЛ,"рд╢реЗрд░рдЧрд┐рд▓ рдХрд╛ рдЗрд╕реНрд▓рд╛рдорд┐рдХ рд╕реНрдЯреЗрдЯ рдмрдпрд╛рди рд╣рдо рдЬрд┐рддрдирд╛ рдЭреБрдард▓рд╛ рджреЗрдВ,рдкрд░ рд╕рдЪ рд╣реИ рдЗрдирдХреЗ рдХреМрдо рдХреЗ рд╣рд░рджрд┐рд▓ рдореЗрдВ рдЗрд╕реНрд▓рд╛рдо рдХрд╛ рд░реЛрдм рджрд┐рдЦрд╛рдирд╛ рд╣реИред рдЬрдирд╕рдВрдЦреНрдпрд╛ рдмтАж https://t.co/mYElKnBeKS"
Tousif Raza Khan,Shame on you @republic media channel shame on #GodiMedia @ndtvindia @IndiaToday @UNinIndia @UNтАж https://t.co/RFkD0MGa2o
baba,"Vikas modi's son, Amit Shah nephew, 
Godse of new India, 
Wondering if he is from minority communities.тАж https://t.co/tcZ5XaqySR"
Parth Mehendru,"Supporter of caa and ram bhakt gopal 
It's a clear clue that he is of RSS https://t.co/s9fsL28F7G"
Parth Mehrotra,MUSLIM SUPPORT CAA NRC NPR ...#рдореЛрджреА_рд╢рд╛рд╣_рдПрдВрдЯреАрдиреЗрд╢рдирд▓_рд╣реИрдВ  YE  SIRF  FAKE AGENDA HAI ..
Rishabh Negi,Reality of protesters at Shaheen Baag ЁЯШВ #CAA_NRCProtests https://t.co/zMtASXTc3V
bilal sunasra ╪и┘Д╪з┘Д,"рдПрдХ рдЬрд╛рди рдФрд░ CAA_NRC рдХреЗ рдирд╛рдотАж

рдПрдХ рджрд┐рди рдкрд╣рд▓реЗ тАЬрдЧреЛрд▓реА рдорд╛рд░реЛ рд╕рд╛рд▓реЛ рдХреЛтАЭ рдХрд╣рдиреЗ рд╡рд╛рд▓реЛрдВ рдиреЗ рдЖрдЬ рдЬрд╛рдорд┐рдпрд╛ рдХреЗ рдПрдХ рдЫрд╛рддреНрд░ рдХреЛ рдЧреЛрд▓реА рдорд╛рд░ рджреА,рдпрд╛рдж рд░тАж https://t.co/tPI5wDmjMH"
Manoj Patel Rajpura,"@ANI Abhi to ek ka dimag guma he nahi sudhare caa virodhi to ye tarika apnana hoga

Santi sab miljulkar desh or aamтАж https://t.co/G2yggS02ej"
LatestLY,Jamia Firing: Shooter Rambhakt Gopal Went Live on Facebook Before Attacking Anti-CAA Demonstrators | Read full repoтАж https://t.co/12kjfbd475
Sujit chaudhary ред рж╕рзБржЬрж┐ржд ржЪрзМржзрж░рзА,"Minister Anurag Thakur made instigating remark ""Goli maro.......""
Getting inspired by that instigating remarksтАж https://t.co/LfBsotKubk"
Suresh Kumar,"@gauravbh рдХрд╣рд╛рдВ рд╕реЗ рд▓рд╛рддреЗ рд╣реЛ рдЗрддрдирд╛ ┬┤┬┤рдЧреВрдв -рдЬреНрдЮрд╛рди `` !!!!
рд╡реЛ  рдЙрдкрджреНрд░рд╡реА ##CAA рд╕рдорд░реНрдердХ рд╣реИ, рдЬреЛ ##рдЖрдЬрд╛рджреА рджреЗрдиреЗ рдЖрдпрд╛ рдерд╛ !!"
Asheem PK,"Gun-Wielding Man Shoots Jamia Student at Anti-CAA Rally, Shouts 'Jai Shri Ram, Yeh Lo Azadi' Slogans https://t.co/LqRluxgCx3"
Pune Samachar,"https://t.co/cIcVOZT0SP
@punesamachar #CAA_NRC_NPR #CAA_NRCProtests #CAA_NPR_рд╡рд╛рдкрд╕_рд▓реЛ #CAA_NRC"
DeathEater,"@sambitlnt You don't know because there weren't.

And why didn't police enter JNU? That's not a law and order situaтАж https://t.co/7J2WbRUJfT"
TRISHUL,"@PushpendraKuls4 ЁЯШВ рдпреЗ рдирд╣реАрдВ рдЪрд▓реЗрдЧрд╛.  рдЬрдм рддрдХ CAA рдирд╛ рд╣рдЯреЗ рддрдм рддрдХ, рд╣рд┐рдВрджреБрд╕реНрддрд╛рди рдХреЗ рд╕рд╛рд░реЗ CAA рдХреЗ supporters рдХреЛ рд╕рд╛рд░реЗ рдзрдВрдзреЗ рдмрдВрдз рд░рдЦтАж https://t.co/xar7z7VnUM"
Rishita ЁЯЗоЁЯЗ│,@Saddamk38866877 @Sheezansajid @khanumarfa Tumne padha hi ni fir kuch bhi ....CAA KE tahat sirf pakistan bangladeshтАж https://t.co/duMgFiNa9i
IndiaTomorrow.net,@RuchiraC https://t.co/G6hhZr6yOx
India_For_Indians,"@StuteeMishra Surprisingly all the posts r of same day ЁЯдгЁЯдгЁЯдг

The man who killed kamlesh tiwary was rohit solanki onтАж https://t.co/qNEpKwtmQI"
Shahnawaz,"Mr @ianuragthakur
Inspires real traitors to shoot down people who protests against CAA.
While @DelhiPolice
was justтАж https://t.co/vfGoEKBNmJ"
Madhavi Dave,@RanaAyyub Noone should threaten other citizens. Period.We can pay attention to you when in the same breath you alsтАж https://t.co/Sbh6NaN0Xq
IndiaTomorrow.net,@nehmatks https://t.co/G6hhZr6yOx
Md Irshad,рдирд╡рд╛рджрд╛ рдореЗрдВ Candle March NRC рдФрд░ CAA рдХреЗ рд╡рд┐рд░реВрджреНрдз рдореЗрдВ https://t.co/NWcpziEn4q
Logical_Adamant,@tanwer_m @narendramodi Waise hi jaise tukde tukde gang aur shaheen baag famous hua na? Famous hone ka chance to MoтАж https://t.co/x7pKZH4uW6
Abhijeet Sharngat,"1) Bjp leaders chants slogans ""desh ke gadaro ko, goli maro salo ko"" in thier rallies.
2) An armed men allegedly aтАж https://t.co/oKhNpnupIQ"
Siddhartha Majumdar INC ЁЯЗоЁЯЗ│,@MamataOfficial protest marches opposing #CAA_NRC are a complete farce. She herself allowed 9 of her MPs to be abseтАж https://t.co/DxsvPrh1Qp
рдЧреЛрдкреАрдХреГрд╖реНрдг рдзрд╛рдХреЬ GKND,#CAA_NRC_NPR https://t.co/NWC4ydiNKA
Ummat-e-nabi.com,"#Jamia: #CAA рдХреЗ рдЦрд┐рд▓рд╛рдл рдкреНрд░рджрд░реНрд╢рди рдореЗрдВ рдмрдВрджреВрдХ рд▓реЗрдХрд░ рдШреБрд╕рд╛ рдпреБрд╡рдХ, рдлрд╛рдпрд░рд┐рдВрдЧ рдХрд░ рдмреЛрд▓рд╛- 'рдпреЗ рд▓реЛ рдЖрдЬрд╛рджреА' #MahatmaGandhiтАж https://t.co/HRzUgRg9UW"
Pankaj Sharma,"рдпреЗ рд╕рд░рдХрд╛рд░ рд▓реЛрдЧреЛ рдХрд╛ рдИрдЧреЛ рд╕реЗрдХ рдХреЗ рдФрд░ рдирдлрд░рдд рдлреИрд▓рд╛ рдХреЗ рд╡реЛрдЯ рдмрдЯреЛрд░ рд░рд╣реА рд╣реИ рдХреЗрд╡рд▓, рдирд╣реА рддреЛ рдХреЛрдИ рдмрддрд╛рдпреЗ 370, рд░рд╛рдо рдордВрджрд┐рд░, CAA/NRC рд╕реЗ рдЖрдкрдХреЗтАж https://t.co/aFnI8yT10A"
IndiaTomorrow.net,@NihaMasih @dansiddiqui https://t.co/G6hhZr6yOx
Love Chowkidar,https://t.co/cnWNF9EdMb https://t.co/i4DPEcrJF8
IndiaTomorrow.net,@asadowaisi @DelhiPolice https://t.co/G6hhZr6yOx
Tej Pratap Pandit,@Married2Martyr @AwesomeAvinas @paramanand_3 @dharmicverangna @NindaTurtles This is to b seen by those who think thтАж https://t.co/d0xmmj3Hp6
IronGirl ┬й ЁЯЗоЁЯЗ│,@caa_nrc_best ЁЯдгЁЯдгЁЯдг
Sanjay,@anjanaomkashyap Jaroor ma  ka sher hai ye bacha apni apni abhivakti ki ajadi hai is bache se sahan nahi hua caa kaтАж https://t.co/Dfso3ni3NT
Peacefully Political ЁЯЗоЁЯЗ│ЁЯЗоЁЯЗ│ЁЯЗоЁЯЗ│,Something tells me that Nirmala ji is going to come to the rescue of Amit Shah by presenting a horrible #Budget2020тАж https://t.co/VRyLQZl6qY
Randy Randy,"@ANI Without Foreign Funding there would not have been any Anti-CAA Protests, nor would Congress and Mamata have taтАж https://t.co/4KMsLxl09W"
IndiaTomorrow.net,@DesiPoliticks https://t.co/G6hhZr6yOx
J.Uday Sekhar,"Congratulations P.M.Modi  best of luck to successfull administration mother land, I Support CAA, Amit Saha, J.P.NadтАж https://t.co/EZZvr5IjfH"
#рд╕рдВрдЬрдп рдЧреБрдкреНрддрд╛ЁЯЪй,"@RubikaLiyaquat CAA  рд╡реЛ рдРрдХреНрдЯ рд╣реИ рдЬрд┐рд╕рдиреЗ рд╣рд┐рдВрджреБрдУрдВ рдХреЛ 10 рд╕рд╛рд▓ рдмрд╛рдж рдЖрдиреЗ рд╡рд╛рд▓реЗ рдЦрддрд░реЗ 
рдХрд╛ рдПрд╣рд╕рд╛рд╕ 
рдЖрдЬ рд╣реА рдХрд░рд╛ рджрд┐рдпрд╛"
Loud Politics,Is this policeman resting his chin on his lathi while a guy is brandishing his gun at anti-CAA protestors?тАж https://t.co/ilIYaKsfny
only India,"WonтАЩt put it past Opp parties to arrange this! After all, despite all ruckus created by anti #CAA_NRCProtests - noтАж https://t.co/XqTxC7LpeC"
Nizam Khan,@Osamashaikhmba European_union_against_CAA_NRC
ЁЯЗоЁЯЗ│ Indrani_se_nani ЁЯЗоЁЯЗ│,@lohewaliladki ЁЯШВ ЁЯШВ ЁЯШВ ЁЯШВ ЁЯШВ
Sandeep Dhamija,@IndiaToday @rahulkanwal I have talked to people of these ideologies...all are confused..issue from Ram mandir to 3тАж https://t.co/Dfin2rJCdD
Love Chowkidar,"@IndiaToday india today and owaisi can comment on this

https://t.co/cnWNF9EdMb"
Manojkumar D Shenoy,@JeswinPThomas @ashokhajeri @BJP4India @INCIndia р┤╕р┤╣р╡Л р┤Жр┤жр╡Нр┤пр┤В NPR NRC CAA р┤Зр┤др╡Кр┤Хр╡Нр┤Хр╡Ж р┤Ор┤ир╡Нр┤др┤╛р┤гр╡Жр┤ир╡Нр┤ир╡Н р┤ор┤ир┤╕р┤┐р┤▓р┤╛р┤Хр╡Нр┤Хр┤╛р╡╗ р┤╢р╡Нр┤░р┤ор┤┐р┤Хр╡Нр┤Хр╡В р┤ЗтАж https://t.co/sMH59aEPmb
рдЕрд░реНрдЬреБрди ЁЯЗоЁЯЗ│,@deeparag @RitujainMe @kanhaiyakumar Abe randi ki aulad......teri ma karne gyi kheto m pesab kutte me muh mara puchтАж https://t.co/95pfMoGKeS
MinorityMediaCentre,"рдХреНрдпрд╛ рд╣реИ CAA,NRC рд▓рд╛рдиреЗ рдХрд╛ рдЕрд╕рд▓ рдордХрд╝рд╕рдж ? || Minority Media Center || https://t.co/SyXEa5nPqj via @YouTube"
рдкрд╣рд╛рдбрд╝реА рднреИрдВрд╕ тШЕтШЕтШЕ,@News18India @News18IndiaрдЕрдЧрд░ рдПрдХ рдореБрд╕реНрд▓рд┐рдо рдкреЗрд╢рд╛рдм рднреА рдХрд░рддрд╛ рд╣реИ рддреБрдо рд▓реЛрдЧреЛрдВ рдХреЛ рдЙрд╕рдХрд╛ рдкреЗрд╢рд╛рдм рдХрд╛ рдХрд▓рд░ рднреА рдкрддрд╛ рдЪрд▓ рдЬрд╛рддрд╛ рд╣реИ рдкрд░рдиреНрддреБ рдЖрдктАж https://t.co/fRxuS2GanT
shreeprakash agrawal,"рдмрдбрд╝реА рдЦрдмрд░: рдЗрдЯрд╛рд╡рд╛ рдореЗрдВ CAA рдХреЗ рдЦрд┐рд▓рд╛рдл рдкреНрд░реЛрдЯреЗрд╕реНрдЯ рдХрд░ рд░рд╣реА рдорд╣рд┐рд▓рд╛рдУрдВ рдкрд░ рдкреБрд▓рд┐рд╕ рдиреЗ рдХреА рд▓рд╛рдареА рдЪрд╛рд░реНрдЬ, рдмрдЪреНрдЪреЛрдВ рдФрд░ рдмреБрдЬреБрд░реНрдЧреЛрдВ рдХреЛ рджреМрдбрд╝рд╛-тАж https://t.co/3fq3pnIxtM"
krishanjee,"@ThePlacardGuy Not on dead body ! No going back CAA which is to save Miniorities of Pakistan , Bangladesh &amp; AfghaniтАж https://t.co/HelIJLXp9J"
The Lallantop,"'рдпреЗ рд▓реЛ рдЖрдЬрд╛рджреА' рдХрд╣рдХрд░ рдпреБрд╡рдХ рдиреЗ рдЬрд╛рдорд┐рдпрд╛ рдкреНрд░реЛрдЯреЗрд╕реНрдЯ рдореЗрдВ рдХреА рдлрд╛рдпрд░рд┐рдВрдЧ, рдкреБрд▓рд┐рд╕ рджреЗрдЦрддреА рд░рд╣реА
[рдШрд╛рдпрд▓ рдпреБрд╡рдХ рдХреЛ рд░рд╛рд╕реНрддрд╛ рджреЗрдиреЗ рдХреЗ рд▓рд┐рдП рдкреБрд▓рд┐рд╕тАж https://t.co/o8uDCYsjpK"
mehmud ,Main dunga azadi: Man opens fire in Delhi's Jamia at anti-CAA rally; 1 injured | WATCH https://t.co/hCbE9IArAd via @indiatoday
moquit ahmad,"A person motivated by central minister's slogan goes on a killing spree, one injured. #рд╢рд╛рд╣реАрди_рдмрд╛рдЧ_рд╕реЗ_рд╣рд┐рд▓рддреА_рд╕рд░рдХрд╛рд░тАж https://t.co/ygPsuYBw16"
ashutosh Ray,True meaning of#CAA ЁЯШЖЁЯШЖЁЯШЖ https://t.co/byiaDSs9Yj
SidhuJetha,"@Indian1234K Tu Pakistani h, CAA NRC se tera kya lena dena. Ja bdsk, imran khan k gaand chaat"
рд╕реНрд╡рд╛рддреА рд╕рд┐рдВрд╣ ЁЯТО,"рдкреНрд░реЛрдЯреЗрд╕реНрдЯ рдХреЗ рджреМрд░рд╛рди рд╣рд╛рдереЛрдВ рдореЗрдВ рдкрд┐рд╕реНрдЯрд▓ рд▓реЗрдХрд░ ""рдЬрдп рд╢реНрд░реА рд░рд╛рдо"" рдФрд░ ""рд╡рдВрджреЗ рдорд╛рддрд░рдо"" рдХрд╛ рдирд╛рд░рд╛ рд▓рдЧрд╛ рдХрд░ рдлрд┐рд░ рд╕реЗ рд╣рд┐рдВрджреБрдУрдВ рдХреЛ рдмрджрдирд╛рдо рдХрд░рдиреЗтАж https://t.co/bvuMHOBEWF"
Ishaq Shaikh,"@partharay09 @suhasinih Persecution was just sometimes in d past and once in a blue moon now in Pak &amp;Bangladesh
SomтАж https://t.co/Rnvx5j3FDH"
Satish Kumar,"рдЬрд╛рдорд┐рдпрд╛-рдкреНрд░реЛрдЯреЗрд╕реНрдЯ рдХреЗ рджреМрд░рд╛рди рдПрдХ рд╡реНрдпрдХреНрддрд┐ рджреНрд╡рд╛рд░рд╛ рд╣рд╛рдереЛрдВ рдореЗрдВ рдкрд┐рд╕реНрдЯрд▓ рд▓реЗрдХрд░ ""рдЬрдп рд╢реНрд░реА рд░рд╛рдо"" рдФрд░ ""рд╡рдВрджреЗ рдорд╛рддрд░рдо"" рдХрд╛ рдирд╛рд░рд╛ рд▓рдЧрд╛ рдХрд░ рдлрд┐рд░тАж https://t.co/XVxkREEc4u"
┘Е╪н┘Е╪п ╪з┘Б╪╢╪з┘Д,"@padlebc @azor24550802 @MiddleUngli @majorgauravarya Please elaborate on 1 Hindu Indian or Muslim Indian?

https://t.co/SPnwJ1OICH"
Daily News,"рдЬрд╛рдорд┐рдпрд╛ рдореЗрдВ CAA рдХреЗ рд╡рд┐рд░реЛрдз рдореЗрдВ рдирд┐рдХрд▓ рд░рд╣реА рдереА рд░реИрд▓реА, рдпреБрд╡рдХ рдиреЗ рдкрд┐рд╕реНрддреМрд▓ рд╕реЗ рдЧреЛрд▓реА рдЪрд▓рд╛рдХрд░ рдХрд╣рд╛рдГ рдореИрдВ рджреЗрддрд╛ рд╣реВрдВ рдЖрдЬрд╛рджреА
#FiringInJamiaтАж https://t.co/qSakdRxnA2"
Karnataka Rising,Kannada reporter poet booked for breach of peace for his anti CAA poetry https://t.co/JdzgYHjmgW https://t.co/qqAGS7ueEh
sameer,@bainjal and the fingers were on trigger against CAA protesters in UP.ЁЯШв
рдиреАрд░рд╡_Support_CAA,"@DrGPradhan

рдпреВрд░реЛрдк рд╕рдВрд╕рдж рдХреЗ 150 рд╕рджрд╕реНрдпреЛрдВ рдиреЗ CAA рдХрд╛ рд╡рд┐рд░реЛрдз рдХрд┐рдпрд╛ :- @ndtv

рдпреВрд░реЛрдк рд╕рдВрд╕рдж рдореЗрдВ рдХреБрд▓ 756 рд╕рджрд╕реНрдп рд╣реИрдВ ... 606 (80%тАж https://t.co/o0k2WmP7xV"
ATIK PATEL,"рдордзреНрдпрдкреНрд░рджреЗрд╢ рдореЗрдВ рднреА #CAA рдХреЗ рдЦрд╝рд┐рд▓рд╛рдлрд╝ рдкреНрд░рд╕реНрддрд╛рд╡ рд▓рд╛рдПрдЧреА @OfficeOfKNath рд╕рд░рдХрд╛рд░ @sajjanvermaINC рдиреЗ рдХрд╣рд╛, рд╣рдордиреЗ рдЗрд╕рдХреЗ рд▓рд┐рдП рддреИрдпрд╛рд░реАтАж https://t.co/D0Q754NRo7"
Panch,"@MohtasibSiddiqu @SreenivasanJain Ram Bhakt nehi he is bhaktuddin. 

Yesterday also, in WB, TMC Block President opeтАж https://t.co/BcHzYanRzk"
IronGirl ┬й ЁЯЗоЁЯЗ│,Cc: @Aniiiiish @biharigurl @iamrahulpassi @desimojito @Babaaagaya @caa_nrc_best @depand_uk
ALI SHAIKH,@shaikhzulfi84g1 #We_Are_Gandhians #We_Are_Gandhians #We_Are_Gandhians #We_Are_Gandhians #рддреБрдо_рдХрд┐рддрдиреЗ_рдЧрд╛рдВрдзреА_рдорд╛рд░реЛрдЧреЗтАж https://t.co/W4U6ndro9Z
Arnab Dutta,Man opens fire at anti-CAA protesters near Jamia Millia Islamia; 1 injured https://t.co/ytSC1XdpJS
Rohit,@vivekagnihotri Sir 1 guy named prajapati died in jharkhand he was supporting CAA and was attacked by jihadi mob. WтАж https://t.co/xuxvaGCz5r
Shakil Raza Qadri,рдЬрд╛рдорд┐рдпрд╛ рдХреЗ рд╕реНрдЯреВрдбреЗрдВрдЯ рд╢рд╛рджрд╛рдм рдХреЛ рдкреБрд▓рд┐рд╕ рдХреЗ рд╕рд╛рдордиреЗ рдПрдХ рд╢рдЦреНрд╕ рдиреЗ рдЧреЛрд▓реА рдорд╛рд░реА рдФрд░ рдмреЗрдЦреМрдл рд╣реЛрдХрд░ рдкрд┐рд╕реНрддреМрд▓ рд▓рд╣рд░рд╛рддрд╛ рд░рд╣рд╛ред рд╡рд╣рд╛рдВ caa рдХреЗ рдЦрд┐рд▓рд╛рдлтАж https://t.co/l3YqjBONm1
Shah Ali (рд╢рд╛рд╣ рдЕрд▓реА) (╪┤╪з█Б ╪╣┘Д█М),@Osamashaikhmba @MasoodA28658586 #European_union_against_CAA_NRC
Nabeel Khan,"Delhi Police when a terrorist attacks Jamia students: ""HUM DEKHENGE""

Delhi Police when ABVP goons attacked JNU stuтАж https://t.co/wbQvrBb7Xb"
The Daily Star,A gunman is taken in police custody after he fired at #protesters near Jamia Millia Islamia university injuring aтАж https://t.co/z2q0zmofz8
ABP Asmita,"https://t.co/vEmka42cnb   CAA Protest: ркЬрк╛ркорк┐ркпрк╛ркорк╛ркВ рккрлЛрк▓рлАрк╕ркирлА рк╕рк╛ркорлЗ ркпрлБрк╡ркХрлЗ ркХрк░рлНркпрлБркВ рклрк╛ркпрк░рк┐ркВркЧ, ркдрлНрк░ркг ркорлЗркЯрлНрк░рлЛ рк╕рлНркЯрлЗрк╢рки ркмркВркз #Jamia #gopal #CAA_NRC_Protests"
Nizam Khan,"@alishaikh1737 European_union_against_CAA_NRC
European_union_against_CAA_NRC"
KAUSHIK GHOSH,Where are You Taking Our Country #Modi In Name Of #CAA_NRC_NPR
dhirendra jha,"рдмрд┐рд╣рд╛рд░ рдореЗрдВ рдЪрд▓ рд░рд╣рд╛ CAA, NPR рдФрд░ NRC рд╡рд┐рд░реЛрдзреА рдЖрдВрджреЛрд▓рди рджреЗрд╢ рдХреЛ рдирдИ рджрд┐рд╢рд╛ рджреЗ рд░рд╣рд╛ рд╣реИредрдордЬрд╝рджреВрд░-рдХрд┐рд╕рд╛рдиреЛрдВ рдХреА рднрд╛рдЧреАрджрд╛рд░реА рдмрдврд╝ рд░рд╣реА рд╣реИ!рдмрд┐рд╣рд╛тАж https://t.co/krBLH7wgXi"
Lbr digital marketing,#caa #nrc https://t.co/AS5B0yHLDm
Akram Azad ЁЯТп%FB,"@anjanaomkashyap рдЬрд╛рдорд┐рдпрд╛ рдпреВрдирд┐рд╡рд░реНрд╕рд┐рдЯреА рдХреЗ рдкрд╛рд╕ рд╣реЛ рд░рд╣реЗ CAA рдХреЗ рдЦрд┐рд▓рд╛рдл рдкреНрд░рджрд░реНрд╢рди рдореЗрдВ рдмрдВрджреВрдХ рд▓реЗрдХрд░ рдШреБрд╕рд╛ рдпреБрд╡рдХ, рдлрд╛рдпрд░рд┐рдВрдЧ рдХрд░ рдмреЛрд▓рд╛-тАж https://t.co/qKdoaxqX3y"
mahesh brijnandan,"рдЬрдм рджреЗрд╢ рдХрд╛ рдкреНрд░рдзрд╛рдирдордВрддреНрд░реА, рдЧреГрд╣рдордВрддреНрд░реА, рд╡рд┐рддреНрдд рд░рд╛рдЬреНрдпрдордВрддреНрд░реА , рдмреАрдЬреЗрдкреА рдХреЗ рдореБрдЦреНрдпрдордВрддреНрд░реА рдФрд░ рдЕрдиреЗрдХ рдиреЗрддрд╛ CAA рдХреЗ рд╡рд┐рд░реБрджреНрдз рдкреНрд░реЛрдЯреЗрд╕реНрдЯтАж https://t.co/ddIlxTehNQ"
NORTHEASTINDIA24,"Man opens fires at CAA protesters near Jamia, 1 student┬аinjured https://t.co/9Coge5Ubp7 https://t.co/0pyOxJ3RJx"
Sudeep Khokhar,"2018 рдореЗрдВ рдХрд╛рдВрдЧреНрд░реЗрд╕ рдиреЗ рдкреНрд░реЗрд╕ рдХреЙрдиреНрдлрд╝реНрд░реЗрдВрд╕ рдХрд░рдХреЗ рдЖрд░реЛрдк рд▓рдЧрд╛рдпрд╛ рдерд╛ рдХрд┐ рдореЛрджреА рдФрд░ рд╢рд╛рд╣ NRC рд░реБрдХрд╡рд╛рдирд╛ рдЪрд╛рд╣рддреЗ рд╣реИрдВред
@RahulGandhi рддреЗрд░реАтАж https://t.co/UXmCk3kG12"
Rahul SrivastavaЁЯЗоЁЯЗ│,"@INCIndia рдЙрд╕ рдЕрдВрдЬрд╛рди рд▓рдбрд╝рдХреЗ рджреНрд╡рд╛рд░рд╛ рдХрд┐рдпреЗ рдЧрдП рдЗрд╕ рд╕рд░рд╛рд╣рдиреАрдп рдХрд╛рд░реНрдп рдХреЛ рд╕рд▓рд╛рдо рд╣реИрдВ ред

рднрдЧрддрд╕рд┐рдВрд╣ рдЕрдм рднреА рдЬрд┐рдВрджрд╛ рд╣реИрдВ рд▓реЛрдЧреЛрдВ рдореЗрдВ редтАж https://t.co/QEBi33TnBh"
ALI SHAIKH,@kashaf3751 #We_Are_Gandhians #We_Are_Gandhians #We_Are_Gandhians #We_Are_Gandhians #рддреБрдо_рдХрд┐рддрдиреЗ_рдЧрд╛рдВрдзреА_рдорд╛рд░реЛрдЧреЗтАж https://t.co/SVg3op9iXS
Da_Lying_LamaЁЯЗоЁЯЗ│,@shkarmun @caa_nrc_best @dharmicverangna @coffee_lines @Hindustaan_Mera @neetika_m @AimaraChopra @QueenPunjabтАж https://t.co/ueBKgEfdS8
Love Chowkidar,"@INCIndia what about this congress?

why are you supporting

why congress is insensitive to  hindus

https://t.co/cnWNF9EdMb"
Nand Kishore Yadav,"рдпреВрд░реЛрдкреАрдп рд╕рд╛рдВрд╕рджреЛрдВ рдХреЗ рдкреНрд░рд╕реНрддрд╛рд╡ рдкрд░ рднрд╛рд░рдд рдХреЛ рдорд┐рд▓рд╛ рдлреНрд░рд╛рдВрд╕ рдХрд╛ рд╕рд╛рде 

 #CAA рднрд╛рд░рдд рдХрд╛ рдЖрдВрддрд░рд┐рдХ рдорд╛рдорд▓рд╛- рдлреНрд░рд╛рдВрд╕

рдкреВрд░реА рджреБрдирд┐рдпрд╛ рд╣реИ рдореЛрджреАтАж https://t.co/6a1vRrYGWD"
Mayur Gahlaut,@Sonamdoll1 @ChandwaniSonal @Suresh22473805 @RabinaMagar13 @RealVinduSingh @ChetanaBB_fan @BabaBiggBossBтАж https://t.co/NjrsfCKWlB
Hiren Gauswami,@NavinRaikar @nishusri1 @BeingSalmanKhan @Bollyhungama @ETCBollywood @bollywood_life @bollybubble @oheraldogoaтАж https://t.co/nmtiws1KKM
RAMAVTAR PANDEY (100тДЕ follow рдмреИрдХ рд░рд╛рд╖реНрдЯреНрд░рд╡рд╛рджрд┐рдпреЛрдВ рдХреЛ,"@humanbe17987965 @BBCHindi Caa рд╕рдВрд╕рдж рдиреЗ рдкрд╛рд╕ рдирд╣реА рдХрд┐рдпрд╛ рд╣реИ рдХреНрдпрд╛

рдФрд░ рдЬрдм рдореБрд╕рд▓рдорд╛рди рд▓реЛрдЧреЛрдВ рдХреЛ рджреЗрд╢ рдорд┐рд▓ рд╣реА рдЧрдпрд╛ рд╣реИ рдлрд┐рд░ рдЙрдирдХреЛ рдХреНтАж https://t.co/brVTQWZwIh"
SANDEEP TIWARI ( SUPPORT CAA ),"@Real_Ravi_BJP @jayshankar639 рд╣рд┐рдиреНрджреВ рд╕рд┐рдЦреЛрдВ рдХреА рдкрд╛рдХрд┐рд╕реНрддрд╛рди рдореЗ рд╣рд╛рд▓рдд
рдЧреМрдорд╛рдВрд╕ рдЬрдмрд░рджрд╕реНрддреА рдЦрд┐рд▓рд╛рдпрд╛ рдЬрд╛рддрд╛ рд╣реИ
рдмреЗрдЯрд┐рдпреЛрдВ рдХреЛ рдШрд░реЛ рд╕реЗ рдЙтАж https://t.co/vhpN7qqS9r"
Vedant Uppal,"Ppl who couldn't see 100s of Muslims shooting guns throughout CAA protests are outraging over 1 guy. 
What are theтАж https://t.co/MGK4hGVCRa"
Joyce Lau,Silver lining to violence at #India universities: Students surprise observers by standing up together to protest agтАж https://t.co/taADHHKdXc
рд░реЛрдлрд▓_ рдЗрдВрдХрд▓рд╛рдмреА,"@TheSamirAbbas @TV9Bharatvarsh #Anti_CAA_NPR_NRC рдкреНрд░реЛрдЯреЗрд╕реНрдЯрд░реНрд╕ рдкрд░ рдЧреЛрд▓реА рдЪрд▓рд╛рдиреЗ рд╡рд╛рд▓рд╛,
рдпрд╣ рдореБрд╕реНрд▓рд┐рдо рд╣реЛрддрд╛ рддреЛ рдкреАрдЫреЗ рдЦрдбрд╝реА рдЗрддрдиреАтАж https://t.co/YkSIatLGhu"
AQUIB MIR. ЁЯЗоЁЯЗ│,"India loves @narendramodi g 
India support CAA . 
Bharat mata ke jai . https://t.co/eTTGQMqCGL"
Shkarmun,@GoofyOlives @caa_nrc_best @dharmicverangna @coffee_lines @Hindustaan_Mera @neetika_m @AimaraChopra @QueenPunjabтАж https://t.co/OC0bFUd16C
amrita pande,"#CAA_NRCProtests #jamiafiring 
Man Fires Gun at Protestors at Jamia, Shouts 'Yeh Lo Aazadi' https://t.co/YX3QTaJ0mK"
Dharma,@kanhaiyakumar: for every thing u blame centre. Y dont u enlighten d protesters that there is no fear from CAA.  UтАж https://t.co/fsTlREhCnI
khifayath Hussain,"Gun-Wielding Man Shoots Jamia Student at Anti-CAA Rally, Shouts 'Jai Shri Ram, Yeh Lo Azadi' Slogans 
Result of theтАж https://t.co/5tW9GnAyJx"
India Today,"CPI leader D Raja has demanded arrest of BJP leader and Union minister Anurag Thakur. 
https://t.co/EjZUkXAg8o"
jaiparkash tiwari,"рд╣рдорд╛рд░реЗ рдореБрд▓реНрдХ рдХрд╛ рджреБрд░реНрднрд╛рдЧреНрдп рджреЗрдЦрд┐рдПред
CAAрдФрд░ NRCрд╕реЗ рднрд╛рд░рдд рдХреЗ рдореБрд╕рд▓рдорд╛рди рднрд╛рдЗрдпреЛрдВ рдХреЛ рдмрд┐рд▓реНрдХреБрд▓ рднреА рдлрд░реНрдХ рдирд╣реАрдВ рдкрдбрд╝реЗрдЧрд╛ред рд▓реЗрдХрд┐рди рдлрд┐рд░рднреА рдХреБрдЫтАж https://t.co/TqYj5S7WPN"
Harry Potter,"@ajitanjum Its an orchestrated nautanki as your party has flopped.
This man was part of the student mob

Why didn'tтАж https://t.co/RaJsZFRN6D"
рдЕрдЦрдВрдб рднрд╛рд░рдд,"@bhupeshbaghel @INCIndia рдЖрджрд░рдгреАрдп рдореБрдЦреНрдпрдордВрддреНрд░реА рдЬреА
рдЖрдк рдХреЛ CAA рдХрд╛ рд╕рдореНрдкреВрд░реНрдг рдЬреНрдЮрд╛рди рдирд╣реАрдВ рд╣реИ рдРрд╕рд╛ рдкреНрд░рддреАрдд рд╣реЛ рд░рд╣рд╛ рд╣реИ рдЖрдкрдХреЗ рдЗрд╕ рдкрддреНтАж https://t.co/VsfOAVTmrY"
IndiaTomorrow.net,@Rajivrihaimanch https://t.co/G6hhZr6yOx
рд░реЛрдлрд▓_ рдЗрдВрдХрд▓рд╛рдмреА,"@barkhatrehan16 @CNNnews18 @pranshumisraa #Anti_CAA_NPR_NRC рдкреНрд░реЛрдЯреЗрд╕реНрдЯрд░реНрд╕ рдкрд░ рдЧреЛрд▓реА рдЪрд▓рд╛рдиреЗ рд╡рд╛рд▓рд╛,
рдпрд╣ рдореБрд╕реНрд▓рд┐рдо рд╣реЛрддрд╛ рддреЛ рдкреАтАж https://t.co/IQi4RfJoy8"
V Maruthi Rao,@ProfMKay This idiot drug addict would have been languishing in US jails had not Atal ji intervened and got him relтАж https://t.co/UJaIAH74Yr
рднрд╛рд░рдд рд╕рдорд╛рдЪрд╛рд░,"#BharatSamachar 

#Delhi :- #CAA рдкреНрд░рджрд░реНрд╢рди рдХреЗ рджреМрд░рд╛рди #Jamia рдореЗрдВ рдЪрд▓реА рдЧреЛрд▓реА, рдпреБрд╡рдХ рдиреЗ рдХрд╣рд╛- рдореИрдВ рджрд┐рд▓рд╛рддрд╛ рд╣реВрдВ рдЖрдЬрд╛рджреА.тАж https://t.co/iiHFv57Blq"
Kaustubh Chandra,"Waaah whatte policing! 
*Slow Claps*

Shame! @DelhiPolice. Doobne ke liye chullu bhar pani bhi nahi bacha ab tohтАж https://t.co/ETAgUYiTsE"
Nizam Khan,"@Parwezk911 @Osamashaikhmba European_union_against_CAA_NRC
European_union_against_CAA_NRC
European_union_against_CAтАж https://t.co/4aOU5a012X"
IndiaTomorrow.net,@JNUSUofficial https://t.co/G6hhZr6yOx
Papa Patriot,"Guess we have found a candidate for next year's Padma Bhushan #CAA_NRC_NPR
#CAA_NRC_Protests
#anuragthakur
News18:тАж https://t.co/wN2fFHtY7E"
Junaid Mayur,@narendramodi @RanaAyyub @asadowaisi @AyshaRenna @ladeedafarzana @kanhaiyakumar @Prksh_Ambedkar @Shehla_RashidтАж https://t.co/JmjeNlDcey
Akram Azad ЁЯТп%FB,"@iamsabirs рдЬрд╛рдорд┐рдпрд╛ рдпреВрдирд┐рд╡рд░реНрд╕рд┐рдЯреА рдХреЗ рдкрд╛рд╕ рд╣реЛ рд░рд╣реЗ CAA рдХреЗ рдЦрд┐рд▓рд╛рдл рдкреНрд░рджрд░реНрд╢рди рдореЗрдВ рдмрдВрджреВрдХ рд▓реЗрдХрд░ рдШреБрд╕рд╛ рдпреБрд╡рдХ, рдлрд╛рдпрд░рд┐рдВрдЧ рдХрд░ рдмреЛрд▓рд╛- 'рдпреЗ рд▓реЛтАж https://t.co/T8kicN1kBy"
Being AB Danish,"CAA рдХреЗ рдЦрд╝рд┐рд▓рд╛рдлрд╝ рдЬрд╛рдорд┐рдпрд╛ рдкреНрд░реЛрдЯреЗрд╕реНрдЯ рдореЗрдВ рдПрдХ рдЧреЛрдбрд╕реЗрд╡рд╛рджреА рдЬрдп рд╢реНрд░реА рд░рд╛рдо рдХрд╣рддреЗ рд╣реБрдП рдЧреЛрд▓реА рдЪрд▓рд╛рдпрд╛,рдПрдХ рдЫрд╛рддреНрд░ рдХреЛ рдЧреЛрд▓реА рд▓рдЧреА рд╣реИ.

рдкреАрдЫреЗ тАШрджрд┐тАж https://t.co/gvMoPmLJMM"
рдкрд╣рд╛рдбрд╝реА рднреИрдВрд╕ тШЕтШЕтШЕ,@News18IndiaрдЕрдЧрд░ рдПрдХ рдореБрд╕реНрд▓рд┐рдо рдкреЗрд╢рд╛рдм рднреА рдХрд░рддрд╛ рд╣реИ рддреБрдо рд▓реЛрдЧреЛрдВ рдХреЛ рдЙрд╕рдХрд╛ рдкреЗрд╢рд╛рдм рдХрд╛ рдХрд▓рд░ рднреА рдкрддрд╛ рдЪрд▓ рдЬрд╛рддрд╛ рд╣реИ рдкрд░рдиреНрддреБ рдЖрдк рдпреЗ рдХрд╣рддреЗ рд╣реЛ рдЪтАж https://t.co/rPtMmcz61W
PappuCantDanceSala ЁЯЗоЁЯЗ│,"@sardesairajdeep @IndiaToday @aajtak Meanwhile, TMC leader TAHIRUDDIN killed two pro CAA protesters by opening fireтАж https://t.co/yMqL0uCvPX"
IndiaTomorrow.net,@RajatSharmaLive @indiatvnews https://t.co/G6hhZr6yOx
рд╡реАрд░реЗрдВрджреНрд░ рдкрд░рд┐рд╣рд╛рд░,@Akramkh63777167 @IamRajnishAhuja @ABPNews рдЯреАрдкреВ рд╕реБрд▓реНрддрд╛рди рддреБрдо рдХрд╣ рд░рд╣реЗ рд╣реИрдВ рдХрд┐ рдЙрд╕ рдмрд┐рд▓ рдХреЗ рдкреГрд╖реНрда рдмрддрд╛ рджреЛ рд▓реЗрдХрд┐рди рдореИрдВ рдЖрдкрдХреЛ рдмрддрд╛тАж https://t.co/ZeOkSSFd2c
Akram Azad ЁЯТп%FB,"рдЬрд╛рдорд┐рдпрд╛ рдпреВрдирд┐рд╡рд░реНрд╕рд┐рдЯреА рдХреЗ рдкрд╛рд╕ рд╣реЛ рд░рд╣реЗ CAA рдХреЗ рдЦрд┐рд▓рд╛рдл рдкреНрд░рджрд░реНрд╢рди рдореЗрдВ рдмрдВрджреВрдХ рд▓реЗрдХрд░ рдШреБрд╕рд╛ рдпреБрд╡рдХ,
рдлрд╛рдпрд░рд┐рдВрдЧ рдХрд░ рдмреЛрд▓рд╛- 
'рдпреЗ рд▓реЛ рдЖрдЬрд╛рджреА...рд╣тАж https://t.co/XDU2LQXqxb"
Martian ЁЯС╜,"@binary09 @RishavK52300811 @AditiRazdan1 @shabby_Rabu @puntinational Nice joke.

ISIS per to zubaan per fevicol rehтАж https://t.co/WQ9nFNoCol"
Avinash chanchal,рдЖрдЬ рдЬрд╛рдХрд░ рд╕рдордЭ рдЖрдпрд╛ рд╣реИ рдореБрдЭреЗ рднреА CAA рдФрд░ рдПрдирдЖрд░рд╕реА рдХрд╛ рдорддрд▓рдм ЁЯШЭ https://t.co/al8yXx2Blr
CS Lokesh Kale,@BJP4India @narendramodi @AmitShah Have an idea for you as the protestors are using so much of social media to creaтАж https://t.co/uJUElfax9y
IndiaTomorrow.net,@IndiaToday https://t.co/G6hhZr6yOx
Parth Mehrotra,MUSLIMS SUPPORT CAA NRC NPR #DilliKaBetaKejriwal PLEASE STOP YOUR FAKE AGENDA
Caa,@panjidorky13 ЁЯТйЁЯТйЁЯТй
Modi Bakth - BJP Virodhi,@Josh99992 @battala_satthi @chintu002 @MegastarForever @pk_venkata Bro please post the video or youtube link.. we cтАж https://t.co/FM3u4m6xs5
Jansatta,"рдЬрд╛рдорд┐рдпрд╛ рдореЗрдВ рдкреБрд▓рд┐рд╕ рдХреЗ рд╕рд╛рдордиреЗ рдкрд┐рд╕реНрддреМрд▓ рд▓рд╣рд░рд╛рдиреЗ рд╡рд╛рд▓рд╛ рдЪрд┐рд▓реНрд▓рд╛ рд░рд╣рд╛ рдерд╛, 'рдпреЗ рд▓реЛ рдЖрдЬрд╛рджреА, рдореИрдВ рд░рд╛рдорднрдХреНрдд рдЧреЛрдкрд╛рд▓'; рдлрд╛рдпрд░рд┐рдВрдЧ рд╕реЗ рдкрд╣рд▓реЗ рдХрд┐рдпрд╛тАж https://t.co/gxNWl7KbzR"
рд╡рд┐рд╢рд╛рд▓ рдЧреБрдкреНрддрд╛ ЁЯЗоЁЯЗ│,"@INCIndia рдЬрд╛рдорд┐рдпрд╛-рдкреНрд░реЛрдЯреЗрд╕реНрдЯ рдХреЗ рджреМрд░рд╛рди рдПрдХ рд╡реНрдпрдХреНрддрд┐ рджреНрд╡рд╛рд░рд╛ рд╣рд╛рдереЛрдВ рдореЗрдВ рдкрд┐рд╕реНрдЯрд▓ рд▓реЗрдХрд░ ""рдЬрдп рд╢реНрд░реА рд░рд╛рдо"" рдФрд░ ""рд╡рдВрджреЗ рдорд╛рддрд░рдо"" рдХрд╛ рдирд╛рд░рд╛ рд▓тАж https://t.co/Ai4HlHILoM"
MD TANWEER ALAM,@ndtvindia Caa nrc npr ko khatam KR do sub Santa ho jayega
Long Live India,Stop behaving like a Pet Dog of Sonia Baghelji. It looks very shameful to see Congressmen serving like servants ofтАж https://t.co/whRJETzOEM
@chokidarbhaveshkaria143,"Citizenship Act: PM reminds Opposition of a Pakistani advertisement
 https://t.co/0ioH1DeU3j

via NaMo App https://t.co/GNbocBdBd9"
IndiaTomorrow.net,@Iamzaeed https://t.co/G6hhZr6yOx
V.J,"All those who are saying why police didn't shoot him.

Well police aise ho shoot karne lage to ab to kam se kam 4-5тАж https://t.co/09bXnHbBXj"
kkp,"@SidhuJetha Kutte ki aulad hai....
India k against mai tu
I support CAA and NRC"
IndiaTomorrow.net,@ethicalsid https://t.co/G6hhZr6yOx
Bhuvan Kumar,"-рдорд╕реНрдЬрд┐рджреЛрдВ рдХреЛ рддреЛрдбрд╝рдХрд░, рдордВрджрд┐рд░ рдмрдирд╛ рджрд┐рдпрд╛ рдЬрд╛рдпреЗ рдХреНрдпреЛрдВрдХрд┐ рдЖрдЬ рдХрд╛ рдорд╕реНрдЬрд┐рдж рдХрд▓ рдордВрджрд┐рд░ рд╣реБрдЖ рдХрд░рддрд╛ рдерд╛ рдЬрд┐рд╕реЗ рдореБрдЧрд▓реЛ рдиреЗ рдмрд░реНрдмрд╛рдж рдХрд░ рдорд╕реНрдЬрд┐рджтАж https://t.co/ZgxZuP1fd2"
Be Factual,#CAA_NRC &amp; Related protests need to be spoken out with sensitivity ; crude comments fm Anurag n Pravesh will only dтАж https://t.co/7D2fbCL4Cq
IndiaTomorrow.net,@PradumnThakur96 https://t.co/G6hhZr6yOx
Rahul,@iMac_too Bhai BJP central leadership should have raised death in Jharkhand and MAdhya pradesh during pro CAA rallyтАж https://t.co/JRbxWpHqOG
Tyranny Watch,CAA to fulfill old promises to religious minorities in neighbouring countries: Modi https://t.co/QRslxZyLyW
